Date,USDIDR=X
2010-01-01,9385.599609375
2010-01-04,9364.2001953125
2010-01-05,9305.2001953125
2010-01-06,9218.099609375
2010-01-07,9272.5
2010-01-08,9212.7001953125
2010-01-11,9148.099609375
2010-01-12,9171.0
2010-01-13,9141.0
2010-01-14,9155.7998046875
2010-01-15,9226.099609375
2010-01-18,9130.0
2010-01-19,9229.9501953125
2010-01-20,9294.9501953125
2010-01-21,9183.0
2010-01-22,9240.0
2010-01-25,9319.9501953125
2010-01-26,9379.9501953125
2010-01-27,9399.9501953125
2010-01-28,9324.9501953125
2010-01-29,9250.0
2010-02-01,9256.400390625
2010-02-02,9313.7001953125
2010-02-03,9364.599609375
2010-02-04,9386.900390625
2010-02-05,9468.099609375
2010-02-08,9484.5
2010-02-09,9339.2998046875
2010-02-10,9314.400390625
2010-02-11,9330.099609375
2010-02-12,9323.7001953125
2010-02-15,9344.7998046875
2010-02-16,9292.900390625
2010-02-17,9400.599609375
2010-02-18,9499.7998046875
2010-02-19,9292.2001953125
2010-02-22,9281.7001953125
2010-02-23,9341.7998046875
2010-02-24,9352.2998046875
2010-02-25,9335.2001953125
2010-02-26,9340.0
2010-03-01,9385.099609375
2010-03-02,9184.400390625
2010-03-03,9149.2998046875
2010-03-04,9328.900390625
2010-03-05,8898.400390625
2010-03-08,9180.0
2010-03-09,9173.099609375
2010-03-10,9169.900390625
2010-03-11,9152.900390625
2010-03-12,9144.7001953125
2010-03-15,9205.900390625
2010-03-16,9151.7998046875
2010-03-17,9099.5
2010-03-18,9120.2998046875
2010-03-19,9110.400390625
2010-03-22,9115.400390625
2010-03-23,9144.599609375
2010-03-24,9114.7001953125
2010-03-25,9132.599609375
2010-03-26,9112.900390625
2010-03-29,9073.0
2010-03-30,9075.400390625
2010-03-31,9103.0
2010-04-01,9041.400390625
2010-04-02,9094.900390625
2010-04-05,9052.7998046875
2010-04-06,9037.2998046875
2010-04-07,9054.5
2010-04-08,9057.7001953125
2010-04-09,8992.900390625
2010-04-12,9011.0
2010-04-13,9009.5
2010-04-14,9011.400390625
2010-04-15,9001.099609375
2010-04-16,9006.099609375
2010-04-19,9016.400390625
2010-04-20,9017.7998046875
2010-04-21,9023.2998046875
2010-04-22,9104.2998046875
2010-04-23,9004.0
2010-04-26,8961.900390625
2010-04-27,9096.099609375
2010-04-28,9022.400390625
2010-04-29,9002.5
2010-04-30,9028.7001953125
2010-05-03,9021.099609375
2010-05-04,9069.7001953125
2010-05-05,9116.5
2010-05-06,9273.400390625
2010-05-07,9220.2998046875
2010-05-10,9203.2001953125
2010-05-11,9186.7001953125
2010-05-12,9179.0
2010-05-13,9103.7001953125
2010-05-14,9104.2001953125
2010-05-17,9078.7998046875
2010-05-18,9283.5
2010-05-19,9123.900390625
2010-05-20,9121.099609375
2010-05-21,9260.599609375
2010-05-24,9282.400390625
2010-05-25,9283.900390625
2010-05-26,9376.2001953125
2010-05-27,9215.0
2010-05-28,9295.599609375
2010-05-31,9284.599609375
2010-06-01,9245.099609375
2010-06-02,9242.099609375
2010-06-03,9237.5
2010-06-04,9282.7001953125
2010-06-07,9318.099609375
2010-06-08,9223.400390625
2010-06-09,9281.2001953125
2010-06-10,9193.400390625
2010-06-11,9196.599609375
2010-06-14,9205.2001953125
2010-06-15,9141.0
2010-06-16,9163.2998046875
2010-06-17,9142.900390625
2010-06-18,9071.5
2010-06-21,8997.900390625
2010-06-22,9012.0
2010-06-23,8979.5
2010-06-24,9065.5
2010-06-25,9065.599609375
2010-06-28,9059.099609375
2010-06-29,9077.099609375
2010-06-30,9044.7998046875
2010-07-01,9035.7001953125
2010-07-02,9062.7001953125
2010-07-05,9085.099609375
2010-07-06,9023.599609375
2010-07-07,9060.2998046875
2010-07-08,9044.900390625
2010-07-09,9034.099609375
2010-07-12,9072.099609375
2010-07-13,8977.900390625
2010-07-14,9018.7998046875
2010-07-15,9037.400390625
2010-07-16,9034.0
2010-07-19,9079.5
2010-07-20,9037.7001953125
2010-07-21,9090.599609375
2010-07-22,8995.5
2010-07-23,8977.5
2010-07-26,8917.099609375
2010-07-27,8921.900390625
2010-07-28,9025.0
2010-07-29,8970.599609375
2010-07-30,8923.599609375
2010-08-02,8831.7998046875
2010-08-03,8798.2998046875
2010-08-04,8798.099609375
2010-08-05,8942.099609375
2010-08-06,8925.7998046875
2010-08-09,8863.5
2010-08-10,8935.599609375
2010-08-11,8883.2998046875
2010-08-12,9005.7001953125
2010-08-13,9026.7998046875
2010-08-16,8954.7001953125
2010-08-17,8924.599609375
2010-08-18,8880.2001953125
2010-08-19,8896.099609375
2010-08-20,8928.599609375
2010-08-23,8997.900390625
2010-08-24,8867.0
2010-08-25,8977.4501953125
2010-08-26,8878.0
2010-08-27,8987.4501953125
2010-08-30,9014.9501953125
2010-08-31,8918.0
2010-09-01,9014.2001953125
2010-09-02,9004.900390625
2010-09-03,8991.0
2010-09-06,8982.2998046875
2010-09-07,8999.2001953125
2010-09-08,9032.0
2010-09-09,9005.900390625
2010-09-10,9032.900390625
2010-09-13,9016.900390625
2010-09-14,8997.7001953125
2010-09-15,8987.2998046875
2010-09-16,8974.599609375
2010-09-17,8931.0
2010-09-20,8970.7001953125
2010-09-21,8982.400390625
2010-09-22,8875.2998046875
2010-09-23,8918.400390625
2010-09-24,8965.599609375
2010-09-27,8859.400390625
2010-09-28,8971.400390625
2010-09-29,8952.2001953125
2010-09-30,8931.7998046875
2010-10-01,8934.7001953125
2010-10-04,8920.099609375
2010-10-05,8933.0
2010-10-06,8829.7001953125
2010-10-07,8871.5
2010-10-08,8912.900390625
2010-10-11,8887.0
2010-10-12,8995.2998046875
2010-10-13,8910.2998046875
2010-10-14,8878.099609375
2010-10-15,8904.2001953125
2010-10-18,8949.0
2010-10-19,8948.7998046875
2010-10-20,8965.400390625
2010-10-21,8820.0
2010-10-22,8849.5
2010-10-25,8908.2998046875
2010-10-26,8933.599609375
2010-10-27,8913.7001953125
2010-10-28,8923.7998046875
2010-10-29,8923.7998046875
2010-11-01,888.1099853515625
2010-11-02,8906.7001953125
2010-11-03,8827.900390625
2010-11-04,8772.599609375
2010-11-05,8909.9501953125
2010-11-08,8900.0
2010-11-09,8904.4501953125
2010-11-10,8805.0
2010-11-11,8779.599609375
2010-11-12,8798.0
2010-11-15,8924.4501953125
2010-11-16,8967.4501953125
2010-11-17,8856.0
2010-11-18,8846.0
2010-11-19,8843.0
2010-11-22,8748.2001953125
2010-11-23,8929.4501953125
2010-11-24,8966.2998046875
2010-11-25,8962.4501953125
2010-11-26,8967.4501953125
2010-11-29,9000.0
2010-11-30,9015.4501953125
2010-12-01,9033.9501953125
2010-12-02,9018.4501953125
2010-12-03,8916.0
2010-12-06,9017.4501953125
2010-12-07,9009.9501953125
2010-12-08,8990.0
2010-12-09,9020.0
2010-12-10,9018.0
2010-12-13,9021.9501953125
2010-12-14,9015.0
2010-12-15,9009.4501953125
2010-12-16,9022.4501953125
2010-12-17,8938.0
2010-12-20,9034.4501953125
2010-12-21,8943.0
2010-12-22,9041.9501953125
2010-12-23,9041.599609375
2010-12-24,9038.900390625
2010-12-27,9041.9501953125
2010-12-28,8939.0
2010-12-29,9017.4501953125
2010-12-30,9001.4501953125
2010-12-31,8886.0
2011-01-03,9009.9501953125
2011-01-04,8989.9501953125
2011-01-05,8886.0
2011-01-06,8983.9501953125
2011-01-07,9015.7998046875
2011-01-10,9027.4501953125
2011-01-11,9050.9501953125
2011-01-12,8935.7001953125
2011-01-13,9040.0
2011-01-14,9049.9501953125
2011-01-17,8901.7998046875
2011-01-18,9060.0
2011-01-19,9053.9501953125
2011-01-20,8948.0
2011-01-21,8911.2001953125
2011-01-24,8947.599609375
2011-01-25,9050.0
2011-01-26,9036.4501953125
2011-01-27,8920.599609375
2011-01-28,9026.9501953125
2011-01-31,8935.599609375
2011-02-01,8958.0
2011-02-02,9000.0
2011-02-03,9020.9501953125
2011-02-04,8921.0
2011-02-07,8852.2998046875
2011-02-08,8823.599609375
2011-02-09,8900.0
2011-02-10,8929.9501953125
2011-02-11,8925.0
2011-02-14,8763.7001953125
2011-02-15,8914.4501953125
2011-02-16,8815.0
2011-02-17,8894.9501953125
2011-02-18,8780.0
2011-02-21,8610.2001953125
2011-02-22,8750.0
2011-02-23,8876.4501953125
2011-02-24,8872.0
2011-02-25,8865.0
2011-02-28,8841.4501953125
2011-03-01,8821.4501953125
2011-03-02,8798.0
2011-03-03,8812.4501953125
2011-03-04,8805.4501953125
2011-03-07,8616.2998046875
2011-03-08,8785.9501953125
2011-03-09,8786.0
2011-03-10,8760.0
2011-03-11,8783.4501953125
2011-03-14,8776.9501953125
2011-03-15,8762.4501953125
2011-03-16,8775.0
2011-03-17,8760.5
2011-03-18,8770.0
2011-03-21,8584.2001953125
2011-03-22,8720.0
2011-03-23,8721.0
2011-03-24,8721.4501953125
2011-03-25,8710.0
2011-03-28,8633.7998046875
2011-03-29,8718.2001953125
2011-03-30,8688.900390625
2011-03-31,8700.0
2011-04-01,8718.5
2011-04-04,8665.900390625
2011-04-05,8645.900390625
2011-04-06,8653.2998046875
2011-04-07,8636.7001953125
2011-04-08,8643.099609375
2011-04-11,8616.7001953125
2011-04-12,8655.400390625
2011-04-13,8617.099609375
2011-04-14,8668.5
2011-04-18,8637.900390625
2011-04-19,8657.7001953125
2011-04-20,8667.400390625
2011-04-21,8633.599609375
2011-04-22,8640.5
2011-04-25,8622.900390625
2011-04-26,8623.5
2011-04-27,8616.400390625
2011-04-28,8566.2998046875
2011-04-29,8553.2998046875
2011-05-02,8568.400390625
2011-05-03,8561.400390625
2011-05-04,8558.900390625
2011-05-05,8535.599609375
2011-05-06,8580.099609375
2011-05-09,8618.2998046875
2011-05-10,8522.0
2011-05-11,8530.900390625
2011-05-12,8586.2001953125
2011-05-13,8549.099609375
2011-05-16,8553.0
2011-05-17,8592.400390625
2011-05-18,8372.7001953125
2011-05-19,8540.900390625
2011-05-20,8552.0
2011-05-23,8419.5
2011-05-24,8600.0
2011-05-25,8405.7998046875
2011-05-26,8591.9501953125
2011-05-27,8575.0
2011-05-30,8559.9501953125
2011-05-31,8544.4501953125
2011-06-01,8537.900390625
2011-06-02,8540.0
2011-06-03,8540.099609375
2011-06-06,8520.4501953125
2011-06-07,8500.0
2011-06-08,8515.4501953125
2011-06-09,8490.599609375
2011-06-10,8520.0
2011-06-13,8517.4501953125
2011-06-14,8539.4501953125
2011-06-15,8533.9501953125
2011-06-16,8521.599609375
2011-06-17,8610.0
2011-06-20,8386.7998046875
2011-06-21,8611.400390625
2011-06-22,8600.0
2011-06-23,8580.0
2011-06-24,8599.9501953125
2011-06-27,8599.9501953125
2011-06-28,8625.0
2011-06-29,8620.0
2011-06-30,8616.9501953125
2011-07-01,8568.0
2011-07-04,8545.4501953125
2011-07-05,8522.4501953125
2011-07-06,8537.4501953125
2011-07-07,8535.2998046875
2011-07-08,8533.4501953125
2011-07-11,8512.4501953125
2011-07-12,8525.9501953125
2011-07-13,8566.9501953125
2011-07-14,8550.0
2011-07-15,8531.9501953125
2011-07-18,8366.099609375
2011-07-19,8563.599609375
2011-07-20,8540.0
2011-07-21,8530.0
2011-07-22,8537.0
2011-07-25,8526.9501953125
2011-07-26,8522.9501953125
2011-07-27,8500.0
2011-07-28,8482.0
2011-07-29,8495.0
2011-08-01,8499.9501953125
2011-08-02,8433.599609375
2011-08-03,8467.4501953125
2011-08-04,8325.2001953125
2011-08-05,8472.400390625
2011-08-08,8514.9501953125
2011-08-09,8478.2998046875
2011-08-10,8517.599609375
2011-08-11,8500.2998046875
2011-08-12,8509.2998046875
2011-08-15,8542.9501953125
2011-08-16,8292.7001953125
2011-08-17,8358.7001953125
2011-08-18,8374.2001953125
2011-08-19,8560.0
2011-08-22,8339.2998046875
2011-08-23,8537.0
2011-08-24,8543.0
2011-08-25,8550.0
2011-08-26,8600.0
2011-08-29,8532.9501953125
2011-08-30,8520.0
2011-08-31,8532.9501953125
2011-09-01,8532.9501953125
2011-09-02,8490.0
2011-09-05,8402.0
2011-09-06,8379.5
2011-09-07,8552.9501953125
2011-09-08,8535.0
2011-09-09,8567.9501953125
2011-09-12,8491.7001953125
2011-09-13,8572.2998046875
2011-09-14,8631.0
2011-09-15,8719.9501953125
2011-09-16,8809.0
2011-09-19,8764.9501953125
2011-09-20,8822.400390625
2011-09-21,8812.7001953125
2011-09-22,8840.900390625
2011-09-23,8762.9501953125
2011-09-26,8779.9501953125
2011-09-27,9080.0
2011-09-28,8904.9501953125
2011-09-29,8889.9501953125
2011-09-30,8952.599609375
2011-10-03,8789.9501953125
2011-10-04,8897.4501953125
2011-10-05,8622.0
2011-10-06,8956.2998046875
2011-10-07,8890.0
2011-10-10,8897.4501953125
2011-10-11,8892.4501953125
2011-10-12,8717.0
2011-10-13,8857.599609375
2011-10-14,8869.9501953125
2011-10-17,8637.599609375
2011-10-18,8880.2001953125
2011-10-19,8880.0
2011-10-20,8840.7998046875
2011-10-21,8824.9501953125
2011-10-24,8859.9501953125
2011-10-25,8839.9501953125
2011-10-26,8849.9501953125
2011-10-27,8872.9501953125
2011-10-28,8854.599609375
2011-10-31,8624.2001953125
2011-11-01,8825.599609375
2011-11-02,8866.5
2011-11-03,8900.7001953125
2011-11-04,8943.599609375
2011-11-07,8949.9501953125
2011-11-08,8954.9501953125
2011-11-09,8915.0
2011-11-10,8889.9501953125
2011-11-11,8969.9501953125
2011-11-14,8967.9501953125
2011-11-15,8964.9501953125
2011-11-16,8994.9501953125
2011-11-17,8993.4501953125
2011-11-18,8972.7001953125
2011-11-21,9019.9501953125
2011-11-22,9024.9501953125
2011-11-23,9044.9501953125
2011-11-24,9016.900390625
2011-11-25,8962.400390625
2011-11-28,9054.9501953125
2011-11-29,9114.9501953125
2011-11-30,9120.5
2011-12-01,9076.7001953125
2011-12-02,8994.9501953125
2011-12-05,9014.9501953125
2011-12-06,9016.599609375
2011-12-07,9034.9501953125
2011-12-08,9027.400390625
2011-12-09,8994.9501953125
2011-12-12,9035.7001953125
2011-12-13,9049.9501953125
2011-12-14,9112.099609375
2011-12-15,9100.0
2011-12-16,9089.9501953125
2011-12-19,9016.5
2011-12-20,9114.2998046875
2011-12-21,9047.599609375
2011-12-22,9043.5
2011-12-23,9136.5
2011-12-26,9040.0
2011-12-27,9038.400390625
2011-12-28,9062.0
2011-12-29,9044.400390625
2011-12-30,8854.7998046875
2012-01-02,9055.0
2012-01-03,8903.7998046875
2012-01-04,9115.0
2012-01-05,9115.7998046875
2012-01-06,9110.0
2012-01-09,9058.400390625
2012-01-10,9146.0
2012-01-11,9145.0
2012-01-12,9190.0
2012-01-13,9150.0
2012-01-16,9052.900390625
2012-01-17,9099.900390625
2012-01-18,9070.0
2012-01-19,9008.099609375
2012-01-20,8945.0
2012-01-23,8920.0
2012-01-24,8920.0
2012-01-25,8958.0
2012-01-26,9050.599609375
2012-01-27,9074.0
2012-01-30,8952.0
2012-01-31,9074.0
2012-02-01,8981.900390625
2012-02-02,8980.0
2012-02-03,8958.7998046875
2012-02-06,8928.099609375
2012-02-07,892.0
2012-02-08,8930.0
2012-02-09,8851.5
2012-02-10,8920.0
2012-02-13,8965.0
2012-02-14,8971.5
2012-02-15,8998.0
2012-02-16,8930.0
2012-02-17,8980.0
2012-02-20,8983.2001953125
2012-02-21,8971.599609375
2012-02-22,9030.0
2012-02-23,9040.0
2012-02-24,9040.0
2012-02-27,9020.900390625
2012-02-28,9105.0
2012-02-29,9005.0
2012-03-01,9010.0
2012-03-02,9055.0
2012-03-05,9055.0
2012-03-06,9113.0
2012-03-07,9115.0
2012-03-08,9085.0
2012-03-09,9105.0
2012-03-12,9132.4501953125
2012-03-13,9133.0
2012-03-14,9133.0
2012-03-15,9163.0
2012-03-16,9163.0
2012-03-19,9120.0
2012-03-20,9110.0
2012-03-21,9145.0
2012-03-22,9145.0
2012-03-23,9220.0
2012-03-26,9150.0
2012-03-27,9150.0
2012-03-28,9150.0
2012-03-29,9150.0
2012-03-30,9150.0
2012-04-02,9112.0
2012-04-03,9118.0
2012-04-04,9136.0
2012-04-05,9133.0
2012-04-06,9085.0
2012-04-09,9085.0
2012-04-10,9151.5
2012-04-11,9149.0
2012-04-12,9149.0
2012-04-13,9149.0
2012-04-16,9139.9501953125
2012-04-17,9155.0
2012-04-18,9155.0
2012-04-19,9155.0
2012-04-20,9154.0
2012-04-23,9143.7001953125
2012-04-24,9163.0
2012-04-25,9163.0
2012-04-26,9163.0
2012-04-27,9156.7001953125
2012-04-30,9188.9501953125
2012-05-01,9168.0
2012-05-02,9181.2998046875
2012-05-03,9165.0
2012-05-04,9165.0
2012-05-07,9047.599609375
2012-05-08,9170.0
2012-05-09,9166.0
2012-05-10,9213.0
2012-05-11,9170.0
2012-05-14,9165.0
2012-05-15,9238.0
2012-05-16,9238.0
2012-05-17,9238.0
2012-05-18,9217.0
2012-05-21,8995.2001953125
2012-05-22,9243.0
2012-05-23,9210.0
2012-05-24,9255.0
2012-05-25,9255.0
2012-05-28,9287.4501953125
2012-05-29,9265.0
2012-05-30,9370.0
2012-05-31,9410.0
2012-06-01,9375.0
2012-06-04,9387.4501953125
2012-06-05,9375.0
2012-06-06,9378.0
2012-06-07,9275.0
2012-06-08,9355.0
2012-06-11,9384.9501953125
2012-06-12,9380.0
2012-06-13,9405.0
2012-06-14,9395.0
2012-06-15,9395.0
2012-06-18,9293.0
2012-06-19,9357.599609375
2012-06-20,9375.599609375
2012-06-21,9391.0
2012-06-22,9399.400390625
2012-06-25,9437.4501953125
2012-06-26,9409.7998046875
2012-06-27,9409.400390625
2012-06-28,9413.900390625
2012-06-29,9415.2998046875
2012-07-02,9368.0
2012-07-03,9384.9501953125
2012-07-04,9334.9501953125
2012-07-05,9344.9501953125
2012-07-06,9387.4501953125
2012-07-09,9441.9501953125
2012-07-10,9379.7001953125
2012-07-11,9398.7001953125
2012-07-12,9383.900390625
2012-07-13,9414.900390625
2012-07-16,9423.0
2012-07-17,9419.599609375
2012-07-18,9409.2998046875
2012-07-19,9419.2001953125
2012-07-20,9417.099609375
2012-07-23,9425.0
2012-07-24,9423.2998046875
2012-07-25,9436.5
2012-07-26,9452.599609375
2012-07-27,9446.2998046875
2012-07-30,9430.0
2012-07-31,9424.2001953125
2012-08-01,9413.5
2012-08-02,9412.599609375
2012-08-03,9436.7001953125
2012-08-06,9443.0
2012-08-07,9433.599609375
2012-08-08,9437.2001953125
2012-08-09,9439.599609375
2012-08-10,9441.099609375
2012-08-13,9477.4501953125
2012-08-14,9454.2001953125
2012-08-15,9451.599609375
2012-08-16,9467.0
2012-08-17,9459.5
2012-08-20,9489.9501953125
2012-08-21,9459.2998046875
2012-08-22,9465.0
2012-08-23,9465.0
2012-08-24,9463.2998046875
2012-08-27,9480.0
2012-08-28,9485.0
2012-08-29,9505.400390625
2012-08-30,9517.7001953125
2012-08-31,9514.7998046875
2012-09-03,9534.9501953125
2012-09-04,9505.400390625
2012-09-05,9541.7001953125
2012-09-06,9540.400390625
2012-09-07,9535.7001953125
2012-09-10,9541.900390625
2012-09-11,9547.900390625
2012-09-12,9548.400390625
2012-09-13,9538.599609375
2012-09-14,9548.599609375
2012-09-17,9480.0
2012-09-18,9434.7001953125
2012-09-19,9474.0
2012-09-20,9508.7998046875
2012-09-21,9510.599609375
2012-09-24,9520.0
2012-09-25,9533.099609375
2012-09-26,9545.400390625
2012-09-27,9555.599609375
2012-09-28,9546.099609375
2012-10-01,9569.9501953125
2012-10-02,9550.2001953125
2012-10-03,9551.400390625
2012-10-04,9557.2001953125
2012-10-05,9562.2998046875
2012-10-08,9407.2001953125
2012-10-09,9561.900390625
2012-10-10,9563.7001953125
2012-10-11,9562.099609375
2012-10-12,9553.7001953125
2012-10-15,9577.4501953125
2012-10-16,9561.599609375
2012-10-17,9555.7001953125
2012-10-18,9545.5
2012-10-19,9559.400390625
2012-10-22,9592.4501953125
2012-10-23,9576.099609375
2012-10-24,9579.2001953125
2012-10-25,9581.5
2012-10-26,9577.099609375
2012-10-29,9604.9501953125
2012-10-30,9575.599609375
2012-10-31,9586.2998046875
2012-11-01,9576.400390625
2012-11-02,9591.5
2012-11-05,9469.2001953125
2012-11-06,9591.400390625
2012-11-07,9591.0
2012-11-08,9575.7001953125
2012-11-09,9601.7998046875
2012-11-12,9443.599609375
2012-11-13,9590.099609375
2012-11-14,9595.400390625
2012-11-15,9595.2998046875
2012-11-16,9595.5
2012-11-19,9624.9501953125
2012-11-20,9600.2998046875
2012-11-21,9603.900390625
2012-11-22,9605.5
2012-11-23,9598.0
2012-11-26,9612.4501953125
2012-11-27,9571.099609375
2012-11-28,9571.7001953125
2012-11-29,9571.5
2012-11-30,9571.400390625
2012-12-03,9569.0
2012-12-05,9573.599609375
2012-12-06,9570.7998046875
2012-12-07,9580.900390625
2012-12-10,9612.4501953125
2012-12-11,9600.7998046875
2012-12-12,9606.099609375
2012-12-13,9601.7998046875
2012-12-14,9606.099609375
2012-12-17,9612.4501953125
2012-12-18,9611.7998046875
2012-12-19,9615.7001953125
2012-12-20,9622.2998046875
2012-12-21,9624.0
2012-12-24,9610.0
2012-12-25,9632.7998046875
2012-12-26,9630.5
2012-12-27,9629.0
2012-12-28,9633.900390625
2012-12-31,9612.4501953125
2013-01-01,9609.0
2013-01-02,9609.0
2013-01-03,9622.5
2013-01-04,9626.2998046875
2013-01-07,9770.0
2013-01-08,9639.099609375
2013-01-09,9641.2001953125
2013-01-10,9632.099609375
2013-01-11,9631.7001953125
2013-01-14,9612.4501953125
2013-01-15,9606.7998046875
2013-01-16,9621.599609375
2013-01-17,9626.2001953125
2013-01-18,9621.7998046875
2013-01-21,9682.0
2013-01-22,9589.400390625
2013-01-23,9591.599609375
2013-01-24,9596.900390625
2013-01-25,9597.5
2013-01-28,9612.4501953125
2013-01-29,9649.7998046875
2013-01-30,9650.0
2013-01-31,9659.7001953125
2013-02-01,9669.900390625
2013-02-04,9612.4501953125
2013-02-05,9642.7001953125
2013-02-06,9647.900390625
2013-02-07,9682.099609375
2013-02-08,9666.0
2013-02-11,9612.4501953125
2013-02-12,9593.099609375
2013-02-13,9617.7001953125
2013-02-14,9618.5
2013-02-15,9631.599609375
2013-02-18,9645.0
2013-02-19,9652.599609375
2013-02-20,9674.900390625
2013-02-21,9655.5
2013-02-22,9674.5
2013-02-25,9684.0
2013-02-26,9676.400390625
2013-02-27,9678.5
2013-02-28,9657.2998046875
2013-03-01,9633.7998046875
2013-03-04,9612.4501953125
2013-03-05,9677.5
2013-03-06,9663.7998046875
2013-03-07,9658.7998046875
2013-03-08,9663.900390625
2013-03-11,9612.4501953125
2013-03-12,9668.599609375
2013-03-13,9668.0
2013-03-14,9661.7998046875
2013-03-15,9673.400390625
2013-03-18,9675.7998046875
2013-03-19,9682.5
2013-03-20,9682.7001953125
2013-03-21,9695.2001953125
2013-03-22,9703.2001953125
2013-03-25,9612.4501953125
2013-03-26,9705.0
2013-03-27,9702.2001953125
2013-03-28,9694.7998046875
2013-03-29,9688.599609375
2013-04-01,9612.4501953125
2013-04-02,9715.0
2013-04-03,9707.5
2013-04-04,9718.2001953125
2013-04-05,9720.0
2013-04-08,9728.2998046875
2013-04-09,9719.0
2013-04-10,9690.400390625
2013-04-11,9661.400390625
2013-04-12,9674.2998046875
2013-04-15,9683.5
2013-04-16,9683.400390625
2013-04-17,9688.099609375
2013-04-18,9680.900390625
2013-04-19,9684.900390625
2013-04-22,9688.0
2013-04-23,9688.7001953125
2013-04-24,9694.7001953125
2013-04-25,9688.7998046875
2013-04-26,9689.400390625
2013-04-29,9612.4501953125
2013-04-30,9691.5
2013-05-01,9694.099609375
2013-05-02,9695.0
2013-05-03,9708.2001953125
2013-05-06,9612.4501953125
2013-05-07,9705.599609375
2013-05-08,9705.599609375
2013-05-09,9705.0
2013-05-10,9702.0
2013-05-13,9709.0
2013-05-14,9708.7001953125
2013-05-15,9708.099609375
2013-05-16,9718.2001953125
2013-05-17,9720.5
2013-05-20,9731.0
2013-05-21,9727.7001953125
2013-05-22,9734.2998046875
2013-05-23,9736.900390625
2013-05-24,9744.0
2013-05-27,9744.0
2013-05-28,9760.2001953125
2013-05-29,9763.7998046875
2013-05-30,9772.900390625
2013-05-31,9778.2001953125
2013-06-03,9612.4501953125
2013-06-04,9776.599609375
2013-06-05,9769.900390625
2013-06-06,9762.7998046875
2013-06-07,9764.5
2013-06-10,9764.5
2013-06-11,9764.5
2013-06-12,9764.5
2013-06-13,9831.2998046875
2013-06-14,9854.5
2013-06-17,9612.4501953125
2013-06-18,9859.2998046875
2013-06-19,9877.2001953125
2013-06-20,9880.2001953125
2013-06-21,9897.400390625
2013-06-24,9612.4501953125
2013-06-25,9901.7998046875
2013-06-26,9892.0
2013-06-27,9895.7998046875
2013-06-28,9897.2001953125
2013-07-01,9612.4501953125
2013-07-02,9898.2001953125
2013-07-03,9903.2001953125
2013-07-04,9910.7001953125
2013-07-05,9911.0
2013-07-08,9918.0
2013-07-09,9926.7998046875
2013-07-10,9928.7998046875
2013-07-11,9935.400390625
2013-07-12,9968.0
2013-07-15,9612.4501953125
2013-07-16,9989.2001953125
2013-07-17,10007.0
2013-07-18,10017.0
2013-07-19,10032.0
2013-07-22,9612.4501953125
2013-07-23,10037.0
2013-07-24,10171.0
2013-07-25,10303.0
2013-07-26,10240.0
2013-07-29,10269.0
2013-07-30,10244.0
2013-07-31,10244.0
2013-08-01,10250.0
2013-08-02,10252.0
2013-08-05,10029.0
2013-08-06,10256.0
2013-08-07,10257.0
2013-08-08,10257.0
2013-08-09,10256.0
2013-08-12,10262.0
2013-08-13,10309.0
2013-08-14,10308.0
2013-08-15,10265.0
2013-08-16,10390.0
2013-08-19,10509.0
2013-08-20,10664.0
2013-08-21,10657.0
2013-08-22,10747.0
2013-08-23,10790.0
2013-08-26,11005.0
2013-08-27,10817.0
2013-08-28,10897.0
2013-08-29,10917.0
2013-08-30,10908.0
2013-09-02,10895.0
2013-09-03,10950.0
2013-09-04,11037.0
2013-09-05,11097.0
2013-09-06,11098.0
2013-09-09,11150.0
2013-09-10,11132.0
2013-09-11,11210.0
2013-09-12,11318.0
2013-09-13,11322.0
2013-09-16,11213.0
2013-09-17,11349.0
2013-09-18,11417.0
2013-09-19,11449.0
2013-09-20,11255.0
2013-09-23,11325.0
2013-09-24,11417.0
2013-09-25,11443.0
2013-09-26,11457.0
2013-09-27,11453.0
2013-09-30,11552.0
2013-10-01,11552.0
2013-10-02,11476.0
2013-10-03,11503.0
2013-10-04,11500.0
2013-10-07,11480.0
2013-10-09,11489.0
2013-10-10,11504.0
2013-10-11,11463.0
2013-10-14,10787.0
2013-10-15,11337.0
2013-10-16,11339.0
2013-10-17,11339.0
2013-10-18,11303.0
2013-10-21,10758.0
2013-10-22,11307.0
2013-10-23,11264.0
2013-10-24,11244.0
2013-10-25,11128.0
2013-10-28,9612.4501953125
2013-10-29,11025.0
2013-10-30,11075.0
2013-10-31,11147.0
2013-11-01,11245.0
2013-11-04,11308.0
2013-11-05,11327.0
2013-11-06,11330.0
2013-11-07,11380.0
2013-11-08,11363.0
2013-11-11,9612.4501953125
2013-11-12,11532.0
2013-11-13,11565.0
2013-11-14,11577.0
2013-11-15,11515.0
2013-11-18,9612.4501953125
2013-11-19,11605.0
2013-11-20,11570.0
2013-11-21,11629.0
2013-11-22,11674.0
2013-11-25,9612.4501953125
2013-11-26,11719.0
2013-11-27,11750.0
2013-11-28,11880.0
2013-11-29,9612.4501953125
2013-12-02,9612.4501953125
2013-12-03,9612.4501953125
2013-12-04,11885.0
2013-12-05,11972.0
2013-12-06,9612.4501953125
2013-12-09,9610.0
2013-12-10,11813.0
2013-12-11,11834.0
2013-12-12,11878.0
2013-12-13,11999.0
2013-12-16,11988.0
2013-12-17,11973.0
2013-12-18,11984.0
2013-12-19,12012.0
2013-12-20,12118.0
2013-12-23,12153.0
2013-12-24,12147.0
2013-12-25,12148.0
2013-12-26,12143.0
2013-12-27,12148.0
2013-12-30,12142.0
2013-12-31,12217.0
2014-01-01,12158.0
2014-01-02,12158.0
2014-01-03,12102.0
2014-01-06,12112.0
2014-01-07,12133.0
2014-01-08,12065.0
2014-01-09,12077.0
2014-01-10,12032.0
2014-01-13,12017.0
2014-01-14,11812.0
2014-01-15,11801.0
2014-01-16,11828.0
2014-01-17,11878.0
2014-01-20,11858.0
2014-01-21,11897.0
2014-01-22,12038.0
2014-01-23,12052.0
2014-01-24,12093.0
2014-01-27,12127.0
2014-01-28,12197.0
2014-01-29,12093.0
2014-01-30,12145.0
2014-01-31,12143.0
2014-02-03,12150.0
2014-02-04,12083.0
2014-02-05,11981.0
2014-02-06,12020.0
2014-02-07,11940.0
2014-02-10,12001.0
2014-02-11,12026.0
2014-02-12,11946.0
2014-02-13,11931.0
2014-02-14,11876.0
2014-02-17,11686.0
2014-02-18,11631.0
2014-02-19,11840.0
2014-02-20,11671.0
2014-02-21,11761.0
2014-02-24,11686.0
2014-02-25,11576.0
2014-02-26,11620.0
2014-02-27,11666.0
2014-02-28,11601.0
2014-03-03,11569.0
2014-03-04,11656.0
2014-03-05,11566.0
2014-03-06,11571.0
2014-03-07,11410.0
2014-03-10,11486.0
2014-03-11,11430.0
2014-03-12,11485.0
2014-03-13,11435.0
2014-03-14,11421.0
2014-03-17,11296.0
2014-03-18,11286.0
2014-03-19,11325.0
2014-03-20,11310.0
2014-03-21,11435.0
2014-03-24,11401.0
2014-03-25,11361.0
2014-03-26,11381.0
2014-03-27,11435.0
2014-03-28,11381.0
2014-03-31,11305.0
2014-04-01,11230.0
2014-04-02,11285.0
2014-04-03,11330.0
2014-04-04,11375.0
2014-04-07,11310.0
2014-04-08,11295.0
2014-04-09,11295.0
2014-04-10,11363.0
2014-04-11,11415.0
2014-04-14,11395.0
2014-04-15,11436.0
2014-04-16,11410.0
2014-04-17,11405.0
2014-04-18,11445.0
2014-04-21,11445.0
2014-04-22,11425.0
2014-04-23,11540.0
2014-04-24,11610.0
2014-04-25,11595.0
2014-04-28,11565.0
2014-04-29,11580.0
2014-04-30,11515.0
2014-05-01,11545.0
2014-05-02,11520.0
2014-05-05,11505.0
2014-05-06,11505.0
2014-05-07,11510.0
2014-05-08,11550.0
2014-05-09,11525.0
2014-05-12,11505.0
2014-05-13,11520.0
2014-05-14,11485.0
2014-05-15,11370.0
2014-05-16,11420.0
2014-05-19,11390.0
2014-05-20,11400.0
2014-05-21,11460.0
2014-05-22,11495.0
2014-05-23,11515.0
2014-05-26,11590.0
2014-05-27,11560.0
2014-05-28,11560.0
2014-05-29,11630.0
2014-05-30,11595.0
2014-06-02,11660.0
2014-06-03,11760.0
2014-06-04,11770.0
2014-06-05,11880.0
2014-06-06,11845.0
2014-06-09,11815.0
2014-06-10,11775.0
2014-06-11,11815.0
2014-06-12,11805.0
2014-06-13,11780.0
2014-06-16,11785.0
2014-06-17,11815.0
2014-06-18,11885.0
2014-06-19,12005.0
2014-06-20,11925.0
2014-06-23,11950.0
2014-06-24,11988.0
2014-06-25,11995.0
2014-06-26,12090.0
2014-06-27,12100.0
2014-06-30,12020.0
2014-07-01,11885.0
2014-07-02,11865.0
2014-07-03,11900.0
2014-07-04,11905.0
2014-07-07,11860.0
2014-07-08,11725.0
2014-07-09,11665.0
2014-07-10,11615.0
2014-07-11,11570.0
2014-07-14,11605.0
2014-07-15,11663.0
2014-07-16,11720.0
2014-07-17,11642.0
2014-07-18,11660.0
2014-07-21,11615.0
2014-07-22,11566.0
2014-07-23,11580.0
2014-07-24,11485.0
2014-07-25,11552.0
2014-07-28,11561.0
2014-07-29,11561.0
2014-07-30,11560.0
2014-07-31,11561.0
2014-08-01,11761.0
2014-08-04,11861.0
2014-08-05,11755.0
2014-08-06,11675.0
2014-08-07,11758.0
2014-08-08,11785.0
2014-08-11,11745.0
2014-08-12,11700.0
2014-08-13,11680.0
2014-08-14,11683.0
2014-08-15,11670.0
2014-08-18,11667.0
2014-08-19,11680.0
2014-08-20,11663.0
2014-08-21,11700.0
2014-08-22,11688.0
2014-08-25,11660.0
2014-08-26,11703.0
2014-08-27,11688.0
2014-08-28,11665.0
2014-08-29,11715.0
2014-09-01,11694.0
2014-09-02,11698.0
2014-09-03,11743.0
2014-09-04,11767.0
2014-09-05,11741.0
2014-09-08,11722.0
2014-09-09,11713.0
2014-09-10,11775.0
2014-09-11,11805.0
2014-09-12,11830.0
2014-09-15,11885.0
2014-09-16,11925.0
2014-09-17,11975.0
2014-09-18,11962.0
2014-09-19,11969.0
2014-09-22,11983.0
2014-09-23,11978.0
2014-09-24,11970.0
2014-09-25,11943.0
2014-09-26,11968.0
2014-09-29,12050.0
2014-09-30,12132.0
2014-10-01,12175.0
2014-10-02,12130.0
2014-10-03,12112.0
2014-10-06,12181.0
2014-10-07,12147.0
2014-10-08,12218.0
2014-10-09,12210.0
2014-10-10,12192.0
2014-10-13,12210.0
2014-10-14,12200.0
2014-10-15,12188.0
2014-10-16,12227.0
2014-10-17,12210.0
2014-10-20,12102.0
2014-10-21,12008.0
2014-10-22,11987.0
2014-10-23,11980.0
2014-10-24,12032.0
2014-10-27,12075.0
2014-10-28,12100.0
2014-10-29,12137.0
2014-10-30,12092.0
2014-10-31,12150.0
2014-11-03,12070.0
2014-11-04,12107.0
2014-11-05,12110.0
2014-11-06,12175.0
2014-11-07,12150.0
2014-11-10,12175.0
2014-11-11,12145.0
2014-11-12,12128.0
2014-11-13,12187.0
2014-11-14,12187.0
2014-11-17,12200.0
2014-11-18,12195.0
2014-11-19,12125.0
2014-11-20,12102.0
2014-11-21,12133.0
2014-11-24,12133.0
2014-11-25,12133.0
2014-11-26,12133.0
2014-11-27,12175.0
2014-11-28,12175.0
2014-12-01,12175.0
2014-12-02,12285.0
2014-12-03,12285.0
2014-12-04,12285.0
2014-12-05,12285.0
2014-12-08,12285.0
2014-12-09,12285.0
2014-12-10,12285.0
2014-12-11,12285.0
2014-12-12,12463.0
2014-12-15,12612.0
2014-12-16,12850.0
2014-12-17,12705.0
2014-12-18,12673.0
2014-12-19,12480.0
2014-12-22,12435.0
2014-12-23,12460.0
2014-12-24,12415.0
2014-12-25,12470.0
2014-12-26,12470.0
2014-12-29,12405.0
2014-12-30,12410.0
2014-12-31,12420.0
2015-01-01,12390.0
2015-01-02,12390.0
2015-01-05,12480.0
2015-01-06,12625.0
2015-01-07,12635.0
2015-01-08,12720.0
2015-01-09,12610.0
2015-01-12,12565.0
2015-01-13,12558.0
2015-01-14,12587.0
2015-01-15,12555.0
2015-01-16,12469.0
2015-01-19,12580.0
2015-01-20,12630.0
2015-01-21,12562.0
2015-01-22,12465.0
2015-01-23,12405.0
2015-01-26,12423.0
2015-01-27,12487.0
2015-01-28,12450.0
2015-01-29,12455.0
2015-01-30,12570.0
2015-02-02,12730.0
2015-02-03,12645.0
2015-02-04,12575.0
2015-02-05,12625.0
2015-02-06,12587.0
2015-02-09,12633.0
2015-02-10,12665.0
2015-02-11,12727.0
2015-02-12,12805.0
2015-02-13,12770.0
2015-02-16,12677.0
2015-02-17,12615.0
2015-02-18,12772.0
2015-02-19,12810.0
2015-02-20,12885.0
2015-02-23,12813.0
2015-02-24,12860.0
2015-02-25,12797.0
2015-02-26,12855.0
2015-02-27,12857.0
2015-03-02,12978.0
2015-03-03,12995.0
2015-03-04,12970.0
2015-03-05,13015.0
2015-03-06,12900.0
2015-03-09,13030.0
2015-03-10,13073.0
2015-03-11,13070.0
2015-03-12,13175.0
2015-03-13,13170.0
2015-03-16,13185.0
2015-03-17,13195.0
2015-03-18,13120.0
2015-03-19,12880.0
2015-03-20,13058.0
2015-03-23,13025.0
2015-03-24,12943.0
2015-03-25,12905.0
2015-03-26,12930.0
2015-03-27,13010.0
2015-03-30,13035.0
2015-03-31,13087.0
2015-04-01,13060.0
2015-04-02,12958.0
2015-04-03,12985.0
2015-04-06,12965.0
2015-04-07,12945.0
2015-04-08,12995.0
2015-04-09,12925.0
2015-04-10,12935.0
2015-04-13,12890.0
2015-04-14,13045.0
2015-04-15,12975.0
2015-04-16,12897.0
2015-04-17,12820.0
2015-04-20,12800.0
2015-04-21,12970.0
2015-04-22,12925.0
2015-04-23,12900.0
2015-04-24,12930.0
2015-04-27,12942.0
2015-04-28,12927.0
2015-04-29,12935.0
2015-04-30,12915.0
2015-05-01,12957.0
2015-05-04,12975.0
2015-05-05,12860.0
2015-05-06,13005.0
2015-05-07,13004.0
2015-05-08,13095.0
2015-05-11,13047.0
2015-05-12,13170.0
2015-05-13,13145.0
2015-05-14,13102.0
2015-05-15,13013.0
2015-05-18,13047.0
2015-05-19,13162.0
2015-05-20,13168.0
2015-05-21,13015.0
2015-05-22,13108.0
2015-05-25,13140.0
2015-05-26,13173.0
2015-05-27,13217.0
2015-05-28,13170.0
2015-05-29,13165.0
2015-06-01,13200.0
2015-06-02,13188.0
2015-06-03,13150.0
2015-06-04,13230.0
2015-06-05,13275.0
2015-06-08,13388.0
2015-06-09,13310.0
2015-06-10,13345.0
2015-06-11,13205.0
2015-06-12,13230.0
2015-06-15,13315.0
2015-06-16,13320.0
2015-06-17,13340.0
2015-06-18,13330.0
2015-06-19,13290.0
2015-06-22,13310.0
2015-06-23,13302.0
2015-06-24,13250.0
2015-06-25,13290.0
2015-06-26,13303.0
2015-06-29,13322.0
2015-06-30,13322.0
2015-07-01,13342.0
2015-07-02,13318.0
2015-07-03,13260.0
2015-07-06,13340.0
2015-07-07,13340.0
2015-07-08,13325.0
2015-07-09,13335.0
2015-07-10,13303.0
2015-07-13,13278.0
2015-07-14,13280.0
2015-07-15,13305.0
2015-07-16,13338.0
2015-07-17,13331.0
2015-07-20,13350.0
2015-07-21,13340.0
2015-07-22,13335.0
2015-07-23,13400.0
2015-07-24,13430.0
2015-07-27,13430.0
2015-07-28,13465.0
2015-07-29,13290.0
2015-07-30,13460.0
2015-07-31,13492.0
2015-08-03,13425.0
2015-08-04,13440.0
2015-08-05,13485.0
2015-08-06,13517.0
2015-08-07,13465.0
2015-08-10,13465.0
2015-08-11,13467.0
2015-08-12,13605.0
2015-08-13,13745.0
2015-08-14,13675.0
2015-08-17,13715.0
2015-08-18,13830.0
2015-08-19,13828.0
2015-08-20,13748.0
2015-08-21,13885.0
2015-08-24,13815.0
2015-08-25,13915.0
2015-08-26,13800.0
2015-08-27,13960.0
2015-08-28,13795.0
2015-08-31,13910.0
2015-09-01,14000.0
2015-09-02,13988.0
2015-09-03,14050.0
2015-09-04,14065.0
2015-09-07,14190.0
2015-09-08,14275.0
2015-09-09,14160.0
2015-09-10,14250.0
2015-09-11,14235.0
2015-09-14,14270.0
2015-09-15,14310.0
2015-09-16,14400.0
2015-09-17,14377.0
2015-09-18,14225.0
2015-09-21,14403.0
2015-09-22,14470.0
2015-09-23,14595.0
2015-09-24,14640.0
2015-09-25,14670.0
2015-09-28,14617.0
2015-09-29,14697.0
2015-09-30,14680.0
2015-10-01,14552.0
2015-10-02,14665.0
2015-10-05,14605.0
2015-10-06,14433.0
2015-10-07,14060.0
2015-10-08,13865.0
2015-10-09,13410.0
2015-10-12,13320.0
2015-10-13,13502.0
2015-10-14,13650.0
2015-10-15,13260.0
2015-10-16,13400.0
2015-10-19,13475.0
2015-10-20,13650.0
2015-10-21,13733.0
2015-10-22,13700.0
2015-10-23,13478.0
2015-10-26,13520.0
2015-10-27,13610.0
2015-10-28,13650.0
2015-10-29,13602.0
2015-10-30,13602.0
2015-11-02,13630.0
2015-11-03,13580.0
2015-11-04,13395.0
2015-11-05,13455.0
2015-11-06,13525.0
2015-11-09,13610.0
2015-11-10,13645.0
2015-11-11,13560.0
2015-11-12,13525.0
2015-11-13,13610.0
2015-11-16,13743.0
2015-11-17,13708.0
2015-11-18,13720.0
2015-11-19,13705.0
2015-11-20,13655.0
2015-11-23,13540.0
2015-11-24,13665.0
2015-11-25,13620.0
2015-11-26,13590.0
2015-11-27,13735.0
2015-11-30,13638.0
2015-12-01,13883.0
2015-12-02,13820.0
2015-12-03,13807.0
2015-12-04,13695.0
2015-12-07,13758.0
2015-12-08,13870.0
2015-12-09,13979.0
2015-12-10,13920.0
2015-12-11,13925.0
2015-12-14,14130.0
2015-12-15,13997.0
2015-12-16,13970.0
2015-12-17,13760.0
2015-12-18,14020.0
2015-12-21,13865.0
2015-12-22,13760.0
2015-12-23,13645.0
2015-12-24,13625.0
2015-12-25,13630.0
2015-12-28,13630.0
2015-12-29,13495.0
2015-12-30,13682.0
2015-12-31,13845.0
2016-01-01,13775.0
2016-01-04,13775.0
2016-01-05,13957.0
2016-01-06,13805.0
2016-01-07,13905.0
2016-01-08,13930.0
2016-01-11,13890.0
2016-01-12,13805.0
2016-01-13,13795.0
2016-01-14,13847.0
2016-01-15,13825.0
2016-01-18,13973.0
2016-01-19,13925.0
2016-01-20,13830.0
2016-01-21,13825.0
2016-01-22,13769.0
2016-01-25,13747.0
2016-01-26,13830.0
2016-01-27,13880.0
2016-01-28,13802.0
2016-01-29,13765.0
2016-02-01,13675.0
2016-02-02,13630.0
2016-02-03,13730.0
2016-02-04,13582.0
2016-02-05,13612.0
2016-02-08,13585.0
2016-02-09,13676.0
2016-02-10,13560.0
2016-02-11,13455.0
2016-02-12,13480.0
2016-02-15,13465.0
2016-02-16,13275.0
2016-02-17,13397.0
2016-02-18,13500.0
2016-02-19,13415.0
2016-02-22,13427.0
2016-02-23,13385.0
2016-02-24,13410.0
2016-02-25,13385.0
2016-02-26,13430.0
2016-02-29,13425.0
2016-03-01,13365.0
2016-03-02,13246.0
2016-03-03,13249.0
2016-03-04,13140.0
2016-03-07,13028.0
2016-03-08,13000.0
2016-03-09,13181.0
2016-03-10,13100.0
2016-03-11,13130.0
2016-03-14,12943.0
2016-03-15,12980.0
2016-03-16,13123.0
2016-03-17,12770.0
2016-03-18,12935.0
2016-03-21,13038.0
2016-03-22,13183.0
2016-03-23,13101.0
2016-03-24,13215.0
2016-03-25,13233.0
2016-03-28,13170.0
2016-03-29,13278.0
2016-03-30,13180.0
2016-03-31,13240.0
2016-04-01,13158.0
2016-04-04,13127.0
2016-04-05,13140.0
2016-04-06,13210.0
2016-04-07,13172.0
2016-04-08,13172.0
2016-04-11,13115.0
2016-04-12,13095.0
2016-04-13,13073.0
2016-04-14,13145.0
2016-04-15,13172.0
2016-04-18,13130.0
2016-04-19,13104.0
2016-04-20,13086.0
2016-04-21,13166.0
2016-04-22,13172.0
2016-04-25,13195.0
2016-04-26,13190.0
2016-04-27,13160.0
2016-04-28,13155.0
2016-04-29,13170.0
2016-05-02,13175.0
2016-05-03,13095.0
2016-05-04,13185.0
2016-05-05,13350.0
2016-05-06,13345.0
2016-05-09,13310.0
2016-05-10,13377.0
2016-05-11,13298.0
2016-05-12,13247.0
2016-05-13,13255.0
2016-05-16,13332.0
2016-05-17,13320.0
2016-05-18,13318.0
2016-05-19,13435.0
2016-05-20,13595.0
2016-05-23,13605.0
2016-05-24,13540.0
2016-05-25,13570.0
2016-05-26,13608.0
2016-05-27,13549.0
2016-05-30,13560.0
2016-05-31,13631.0
2016-06-01,13643.0
2016-06-02,13610.0
2016-06-03,13610.0
2016-06-06,13418.0
2016-06-07,13347.0
2016-06-08,13227.0
2016-06-09,13205.0
2016-06-10,13250.0
2016-06-13,13326.0
2016-06-14,13321.0
2016-06-15,13350.0
2016-06-16,13320.0
2016-06-17,13386.0
2016-06-20,13332.0
2016-06-21,13250.0
2016-06-22,13255.0
2016-06-23,13195.0
2016-06-24,13250.0
2016-06-27,13375.0
2016-06-28,13385.0
2016-06-29,13160.0
2016-06-30,13139.0
2016-07-01,13177.0
2016-07-04,13115.0
2016-07-05,13060.0
2016-07-06,13160.0
2016-07-07,13212.0
2016-07-08,13100.0
2016-07-11,13105.0
2016-07-12,13120.0
2016-07-13,13075.0
2016-07-14,13015.0
2016-07-15,13020.0
2016-07-18,13062.0
2016-07-19,13078.0
2016-07-20,13093.0
2016-07-21,13105.0
2016-07-22,13111.0
2016-07-25,13113.0
2016-07-26,13095.0
2016-07-27,13162.0
2016-07-28,13098.0
2016-07-29,13058.0
2016-08-01,13020.0
2016-08-02,13010.0
2016-08-03,13092.0
2016-08-04,13140.0
2016-08-05,13103.0
2016-08-08,13122.0
2016-08-09,13105.0
2016-08-10,13101.0
2016-08-11,13083.0
2016-08-12,13098.0
2016-08-15,13106.0
2016-08-16,13062.0
2016-08-17,13111.0
2016-08-18,13115.0
2016-08-19,13109.0
2016-08-22,13179.0
2016-08-23,13209.0
2016-08-24,13234.0
2016-08-25,13258.0
2016-08-26,13246.0
2016-08-29,13310.0
2016-08-30,13248.0
2016-08-31,13283.0
2016-09-01,13280.0
2016-09-02,13273.0
2016-09-05,13195.0
2016-09-06,13125.0
2016-09-07,13058.0
2016-09-08,13070.0
2016-09-09,13071.0
2016-09-12,13176.0
2016-09-13,13172.0
2016-09-14,13241.0
2016-09-15,13191.0
2016-09-16,13144.0
2016-09-19,13163.0
2016-09-20,13139.0
2016-09-21,13158.0
2016-09-22,13058.0
2016-09-23,13062.0
2016-09-26,13053.0
2016-09-27,13039.0
2016-09-28,12917.0
2016-09-29,12921.0
2016-09-30,13003.0
2016-10-03,12966.0
2016-10-04,12962.0
2016-10-05,13031.0
2016-10-06,13014.0
2016-10-07,13005.0
2016-10-10,12967.0
2016-10-11,12926.0
2016-10-12,13068.0
2016-10-13,13019.0
2016-10-14,13044.0
2016-10-17,13092.0
2016-10-18,13051.0
2016-10-19,13020.0
2016-10-20,12972.0
2016-10-21,13005.0
2016-10-24,13050.0
2016-10-25,13012.0
2016-10-26,12976.0
2016-10-27,13024.0
2016-10-28,13053.0
2016-10-31,13063.0
2016-11-01,13013.0
2016-11-02,13038.0
2016-11-03,13046.0
2016-11-04,13068.0
2016-11-07,13115.0
2016-11-08,13087.0
2016-11-09,13041.0
2016-11-10,13137.0
2016-11-11,13588.0
2016-11-14,13342.0
2016-11-15,13459.0
2016-11-16,13313.0
2016-11-17,13368.0
2016-11-18,13411.0
2016-11-21,13479.0
2016-11-22,13412.0
2016-11-23,13432.0
2016-11-24,13607.0
2016-11-25,13558.0
2016-11-28,13480.0
2016-11-29,13479.0
2016-11-30,13502.0
2016-12-01,13572.0
2016-12-02,13518.0
2016-12-05,13640.0
2016-12-06,13436.0
2016-12-07,13296.0
2016-12-08,13277.0
2016-12-09,13306.0
2016-12-12,13357.0
2016-12-13,13278.0
2016-12-14,13280.0
2016-12-15,13418.0
2016-12-16,13411.0
2016-12-19,13383.0
2016-12-20,13370.0
2016-12-21,13421.0
2016-12-22,13439.0
2016-12-23,13449.0
2016-12-26,13442.0
2016-12-27,13442.0
2016-12-28,13429.0
2016-12-29,13490.0
2016-12-30,13466.0
2017-01-02,13512.0
2017-01-03,13506.0
2017-01-04,13443.0
2017-01-05,13348.0
2017-01-06,13319.0
2017-01-09,13351.0
2017-01-10,13314.0
2017-01-11,13291.0
2017-01-12,13241.0
2017-01-13,13258.0
2017-01-16,13313.0
2017-01-17,13349.0
2017-01-18,13296.0
2017-01-19,13370.0
2017-01-20,13378.0
2017-01-23,13406.0
2017-01-24,13345.0
2017-01-25,13342.0
2017-01-26,13316.0
2017-01-27,13387.0
2017-01-30,13326.0
2017-01-31,13338.0
2017-02-01,13345.0
2017-02-02,13360.0
2017-02-03,13346.0
2017-02-06,13338.0
2017-02-07,13326.0
2017-02-08,13310.0
2017-02-09,13302.0
2017-02-10,13288.0
2017-02-13,13335.0
2017-02-14,13323.0
2017-02-15,13321.0
2017-02-16,13316.0
2017-02-17,13321.0
2017-02-20,13350.0
2017-02-21,13347.0
2017-02-22,13358.0
2017-02-23,13338.0
2017-02-24,13325.0
2017-02-27,13324.0
2017-02-28,13339.0
2017-03-01,13391.0
2017-03-02,13392.0
2017-03-03,13373.0
2017-03-06,13278.0
2017-03-07,13342.0
2017-03-08,13336.0
2017-03-09,13368.0
2017-03-10,13403.0
2017-03-13,13346.0
2017-03-14,13372.0
2017-03-15,13390.0
2017-03-16,13217.0
2017-03-17,13283.0
2017-03-20,13330.0
2017-03-21,13332.0
2017-03-22,13308.0
2017-03-23,13327.0
2017-03-24,13318.0
2017-03-27,13320.0
2017-03-28,13308.0
2017-03-29,13309.0
2017-03-30,13303.0
2017-03-31,13299.0
2017-04-03,13335.0
2017-04-04,13316.0
2017-04-05,13332.0
2017-04-06,13323.0
2017-04-07,13353.0
2017-04-10,13373.0
2017-04-11,13271.0
2017-04-12,13291.0
2017-04-13,13277.0
2017-04-14,13276.0
2017-04-17,13287.0
2017-04-18,13279.0
2017-04-19,13296.0
2017-04-20,13343.0
2017-04-21,13317.0
2017-04-24,13105.0
2017-04-25,13124.0
2017-04-26,13303.0
2017-04-27,13261.0
2017-04-28,13351.0
2017-05-01,13322.0
2017-05-02,13325.0
2017-05-03,13295.0
2017-05-04,13304.0
2017-05-05,13340.0
2017-05-08,13315.0
2017-05-09,13324.0
2017-05-10,13359.0
2017-05-11,13353.0
2017-05-12,13312.0
2017-05-15,13323.0
2017-05-16,13285.0
2017-05-17,13274.0
2017-05-18,13318.0
2017-05-19,13399.0
2017-05-22,13328.0
2017-05-23,13296.0
2017-05-24,13296.0
2017-05-25,13302.0
2017-05-26,13302.0
2017-05-29,13288.0
2017-05-30,13315.0
2017-05-31,13319.0
2017-06-01,13294.0
2017-06-02,13288.0
2017-06-05,13304.0
2017-06-06,13283.0
2017-06-07,13259.0
2017-06-08,13313.0
2017-06-09,13293.0
2017-06-12,13295.0
2017-06-13,13314.0
2017-06-14,13282.0
2017-06-15,13286.0
2017-06-16,13294.0
2017-06-19,13277.0
2017-06-20,13286.0
2017-06-21,13291.0
2017-06-22,13301.0
2017-06-23,13341.0
2017-06-26,13284.0
2017-06-27,13318.0
2017-06-28,13308.0
2017-06-29,13296.0
2017-06-30,13278.0
2017-07-03,13298.0
2017-07-04,13364.0
2017-07-05,13351.0
2017-07-06,13363.0
2017-07-07,13383.0
2017-07-10,13408.0
2017-07-12,13349.0
2017-07-13,13363.0
2017-07-14,13341.0
2017-07-17,13332.0
2017-07-18,13321.0
2017-07-19,13302.0
2017-07-20,13309.0
2017-07-21,13303.0
2017-07-24,13265.0
2017-07-25,13316.0
2017-07-26,13328.0
2017-07-27,13329.0
2017-07-28,13311.0
2017-07-31,13320.0
2017-08-01,13318.0
2017-08-02,13317.0
2017-08-03,13317.0
2017-08-04,13319.0
2017-08-07,13309.0
2017-08-08,13315.0
2017-08-09,13306.0
2017-08-10,13326.0
2017-08-11,13327.0
2017-08-14,13351.0
2017-08-15,13342.0
2017-08-16,13354.0
2017-08-17,13350.0
2017-08-18,13372.0
2017-08-21,13355.0
2017-08-22,13344.0
2017-08-23,13325.0
2017-08-24,13351.0
2017-08-25,13333.0
2017-08-28,13339.0
2017-08-29,13303.0
2017-08-30,13333.0
2017-08-31,13334.0
2017-09-01,13321.0
2017-09-04,13331.0
2017-09-05,13353.0
2017-09-06,13333.0
2017-09-07,13339.0
2017-09-08,13289.0
2017-09-11,13197.0
2017-09-12,13176.0
2017-09-13,13208.0
2017-09-14,13242.0
2017-09-15,13262.0
2017-09-18,13252.0
2017-09-19,13268.0
2017-09-20,13256.0
2017-09-21,13273.0
2017-09-22,13273.0
2017-09-25,13306.0
2017-09-26,13319.0
2017-09-27,13375.0
2017-09-28,13433.0
2017-09-29,13508.0
2017-10-02,13465.0
2017-10-03,13531.0
2017-10-04,13536.0
2017-10-05,13470.0
2017-10-06,13451.0
2017-10-09,13497.0
2017-10-10,13510.0
2017-10-11,13510.0
2017-10-12,13510.0
2017-10-13,13498.0
2017-10-16,13492.0
2017-10-17,13476.0
2017-10-18,13495.0
2017-10-19,13510.0
2017-10-20,13490.0
2017-10-23,13516.0
2017-10-24,13535.0
2017-10-25,13525.0
2017-10-26,13572.0
2017-10-27,13643.0
2017-10-30,13588.0
2017-10-31,13574.0
2017-11-01,13554.0
2017-11-02,13553.0
2017-11-03,13543.0
2017-11-06,13480.0
2017-11-07,13483.0
2017-11-08,13514.0
2017-11-09,13503.0
2017-11-10,13527.0
2017-11-13,13512.0
2017-11-14,13553.0
2017-11-15,13545.0
2017-11-17,13514.0
2017-11-20,13508.0
2017-11-21,13525.0
2017-11-22,13519.0
2017-11-23,13491.0
2017-11-24,13489.0
2017-11-27,13498.0
2017-11-28,13511.0
2017-11-29,13500.0
2017-11-30,13504.0
2017-12-01,13541.0
2017-12-04,13560.0
2017-12-05,13494.0
2017-12-06,13513.0
2017-12-07,13534.0
2017-12-08,13553.0
2017-12-11,13507.0
2017-12-12,13552.0
2017-12-13,13551.0
2017-12-14,13540.0
2017-12-15,13554.0
2017-12-18,13568.0
2017-12-19,13580.0
2017-12-20,13575.0
2017-12-21,13573.0
2017-12-22,13562.0
2017-12-25,13551.0
2017-12-26,13532.0
2017-12-27,13552.0
2017-12-28,13558.0
2017-12-29,13558.0
2018-01-01,13542.0
2018-01-02,13550.0
2018-01-03,13496.0
2018-01-04,13468.0
2018-01-05,13415.0
2018-01-08,13427.0
2018-01-09,13427.0
2018-01-10,13430.0
2018-01-11,13441.0
2018-01-12,13393.0
2018-01-15,13295.0
2018-01-16,13305.0
2018-01-17,13306.0
2018-01-18,13336.0
2018-01-19,13334.0
2018-01-22,13325.0
2018-01-23,13342.0
2018-01-24,13336.0
2018-01-25,13298.0
2018-01-26,13299.0
2018-01-29,13296.0
2018-01-30,13367.0
2018-01-31,13421.0
2018-02-01,13383.0
2018-02-02,13386.0
2018-02-05,13411.0
2018-02-06,13564.0
2018-02-07,13544.0
2018-02-08,13641.0
2018-02-09,13598.0
2018-02-12,13610.0
2018-02-13,13643.0
2018-02-14,13640.0
2018-02-15,13622.0
2018-02-16,13552.0
2018-02-19,13552.0
2018-02-20,13554.0
2018-02-21,13608.0
2018-02-22,13612.0
2018-02-23,13676.0
2018-02-26,13652.0
2018-02-27,13651.0
2018-02-28,13694.0
2018-03-01,13756.0
2018-03-02,13741.0
2018-03-05,13751.0
2018-03-06,13737.0
2018-03-07,13759.0
2018-03-08,13745.0
2018-03-09,13786.0
2018-03-12,13772.0
2018-03-13,13755.0
2018-03-14,13740.0
2018-03-15,13725.0
2018-03-16,13758.0
2018-03-19,13748.0
2018-03-20,13771.0
2018-03-21,13743.0
2018-03-22,13705.0
2018-03-23,13754.0
2018-03-26,13762.0
2018-03-27,13718.0
2018-03-28,13740.0
2018-03-29,13756.0
2018-03-30,13757.0
2018-04-02,13768.0
2018-04-03,13748.0
2018-04-04,13741.0
2018-04-05,13751.0
2018-04-06,13760.0
2018-04-09,13763.0
2018-04-10,13768.0
2018-04-11,13742.099609375
2018-04-12,13753.5
2018-04-13,13767.0
2018-04-16,13733.0
2018-04-17,13766.0
2018-04-18,13757.0
2018-04-19,13769.0
2018-04-20,13800.0
2018-04-23,13899.0
2018-04-24,13961.0
2018-04-25,13872.0
2018-04-26,13919.0
2018-04-27,13879.0
2018-04-30,13870.0
2018-05-01,13901.0
2018-05-02,13982.2998046875
2018-05-03,14002.2998046875
2018-05-04,13931.0
2018-05-07,13933.0
2018-05-08,14268.5
2018-05-09,14264.099609375
2018-05-10,14073.0
2018-05-11,14073.0
2018-05-14,13943.0
2018-05-15,13963.0
2018-05-16,14030.0
2018-05-17,14149.2001953125
2018-05-18,14153.5
2018-05-21,14163.0
2018-05-22,14220.0
2018-05-23,14200.7998046875
2018-05-24,14169.0
2018-05-25,14124.0
2018-05-28,14078.0
2018-05-29,14010.0
2018-05-30,14029.0
2018-05-31,13977.0
2018-06-01,13880.0
2018-06-04,13938.0
2018-06-05,13860.0
2018-06-06,13870.0
2018-06-07,13822.0
2018-06-08,13863.0
2018-06-11,13866.0
2018-06-12,13923.0
2018-06-13,13923.0
2018-06-14,13923.0
2018-06-15,14121.400390625
2018-06-18,13923.0
2018-06-19,13923.0
2018-06-20,13923.0
2018-06-21,13923.0
2018-06-22,14088.0
2018-06-25,14073.0
2018-06-26,14148.0
2018-06-27,14188.0
2018-06-28,14235.0
2018-06-29,14350.0
2018-07-02,14317.0
2018-07-03,14347.0
2018-07-04,14353.0
2018-07-05,14400.0
2018-07-06,14378.7998046875
2018-07-09,14307.0
2018-07-10,14311.0
2018-07-11,14375.0
2018-07-12,14378.0
2018-07-13,14385.0
2018-07-16,14373.0
2018-07-17,14365.5
2018-07-18,14377.0
2018-07-19,14441.0
2018-07-20,14468.0
2018-07-23,14473.0
2018-07-24,14567.5
2018-07-25,14543.2998046875
2018-07-26,14465.0
2018-07-27,14525.0
2018-07-30,14411.0
2018-07-31,14403.0
2018-08-01,14409.2001953125
2018-08-02,14489.0
2018-08-03,14521.0
2018-08-06,14486.0
2018-08-07,14543.2998046875
2018-08-08,14422.0
2018-08-09,14398.0
2018-08-10,14472.0
2018-08-13,14473.0
2018-08-14,14594.0
2018-08-15,14642.0
2018-08-16,14555.7998046875
2018-08-17,14598.599609375
2018-08-20,14572.0
2018-08-21,14562.0
2018-08-22,14570.0
2018-08-23,14572.0
2018-08-24,14664.0
2018-08-27,14559.0
2018-08-28,14551.0
2018-08-29,14653.0
2018-08-30,14618.0
2018-08-31,14751.0
2018-09-03,14723.0
2018-09-04,14832.0
2018-09-05,14930.0
2018-09-06,14979.900390625
2018-09-07,14893.0
2018-09-10,14813.0
2018-09-11,14844.5
2018-09-12,14837.0
2018-09-13,14807.0
2018-09-14,14740.0
2018-09-17,14807.0
2018-09-18,14907.099609375
2018-09-19,14867.0
2018-09-20,14880.0
2018-09-21,14832.0
2018-09-24,14812.0
2018-09-25,14861.0
2018-09-26,15021.5
2018-09-27,14985.0
2018-09-28,14918.7998046875
2018-10-01,14902.0
2018-10-02,15053.2998046875
2018-10-03,15038.0
2018-10-04,15139.2001953125
2018-10-05,15408.900390625
2018-10-08,15173.0
2018-10-09,15400.0
2018-10-10,15223.0
2018-10-11,15196.0
2018-10-12,15299.2001953125
2018-10-15,15198.0
2018-10-16,15193.7998046875
2018-10-17,15193.0
2018-10-18,15264.2998046875
2018-10-19,15328.5
2018-10-22,15181.0
2018-10-23,15264.7001953125
2018-10-24,15183.0
2018-10-25,15269.5
2018-10-26,15257.2998046875
2018-10-29,15210.0
2018-10-30,15297.7998046875
2018-10-31,15273.099609375
2018-11-01,15196.0
2018-11-02,15068.7001953125
2018-11-05,14946.0
2018-11-06,14921.599609375
2018-11-07,14830.0
2018-11-08,14598.900390625
2018-11-09,14720.0
2018-11-12,14678.0
2018-11-13,14808.0
2018-11-14,14794.2998046875
2018-11-15,14813.2998046875
2018-11-16,14562.2001953125
2018-11-19,14605.0
2018-11-20,14652.7001953125
2018-11-21,14664.2998046875
2018-11-22,14630.0
2018-11-23,14600.0
2018-11-26,14533.0
2018-11-27,14526.900390625
2018-11-28,14575.5
2018-11-29,14459.7998046875
2018-11-30,14356.0
2018-12-03,14296.0
2018-12-04,14339.0
2018-12-05,14448.599609375
2018-12-06,14431.599609375
2018-12-07,14528.0
2018-12-10,14463.0
2018-12-11,14548.0
2018-12-12,14637.400390625
2018-12-13,14579.7998046875
2018-12-14,14550.0
2018-12-17,14578.0
2018-12-18,14588.7001953125
2018-12-19,14490.0
2018-12-20,14493.0
2018-12-21,14534.7998046875
2018-12-24,14548.0
2018-12-25,14548.0
2018-12-26,14710.0
2018-12-27,14609.400390625
2018-12-28,14561.599609375
2018-12-31,14553.0
2019-01-01,14460.0
2019-01-02,14460.0
2019-01-03,14409.7001953125
2019-01-04,14375.400390625
2019-01-07,14267.0
2019-01-08,14083.0
2019-01-09,14138.0
2019-01-10,14130.0
2019-01-11,14048.0
2019-01-14,14038.0
2019-01-15,14117.0
2019-01-16,14111.0
2019-01-17,14140.0
2019-01-18,14173.0
2019-01-21,14168.0
2019-01-22,14307.0
2019-01-23,14208.0
2019-01-24,14130.900390625
2019-01-25,14189.0
2019-01-28,14078.0
2019-01-29,14063.0
2019-01-30,14074.0
2019-01-31,14033.0
2019-02-01,13966.0
2019-02-04,13933.0
2019-02-05,13957.5
2019-02-06,13950.5
2019-02-07,13915.0
2019-02-08,13966.0
2019-02-11,13958.0
2019-02-12,14033.0
2019-02-13,14012.7001953125
2019-02-14,14151.0
2019-02-15,14083.0
2019-02-18,14136.0
2019-02-19,14192.5
2019-02-20,14096.5
2019-02-21,14033.0
2019-02-22,14120.0
2019-02-25,14051.0
2019-02-26,14011.0
2019-02-27,13960.0
2019-02-28,14015.0
2019-03-01,14194.0
2019-03-04,14108.0
2019-03-05,14205.0
2019-03-06,14150.5
2019-03-07,14214.5
2019-03-08,14240.7998046875
2019-03-11,14303.0
2019-03-12,14283.0
2019-03-13,14258.0
2019-03-14,14258.0
2019-03-15,14287.0
2019-03-18,14251.0
2019-03-19,14251.0
2019-03-20,14223.0
2019-03-21,14055.0
2019-03-22,14133.0
2019-03-25,14158.0
2019-03-26,14173.0
2019-03-27,14163.0
2019-03-28,14346.0
2019-03-29,14235.0
2019-04-01,14233.0
2019-04-02,14240.0
2019-04-03,14213.0
2019-04-04,14210.0
2019-04-05,14151.0
2019-04-08,14112.0
2019-04-09,14191.0
2019-04-10,14136.0
2019-04-11,14177.0
2019-04-12,14138.0
2019-04-15,14086.0
2019-04-16,14155.5
2019-04-17,14079.0
2019-04-18,14078.0
2019-04-19,14036.0
2019-04-22,14036.0
2019-04-23,14061.5
2019-04-24,14061.0
2019-04-25,14154.0
2019-04-26,14306.5
2019-04-29,14165.0
2019-04-30,14191.0
2019-05-01,14243.0
2019-05-02,14244.2998046875
2019-05-03,14244.0
2019-05-06,14230.0
2019-05-07,14286.0
2019-05-08,14346.2998046875
2019-05-09,14288.0
2019-05-10,14343.0
2019-05-13,14318.0
2019-05-14,14497.400390625
2019-05-15,14423.0
2019-05-16,14540.0
2019-05-17,14569.5
2019-05-20,14443.0
2019-05-21,14448.0
2019-05-23,14518.0
2019-05-24,14453.0
2019-05-27,14386.0
2019-05-28,14445.0
2019-05-29,14468.0
2019-05-30,14393.0
2019-05-31,14401.0
2019-06-03,14268.0
2019-06-04,14237.0
2019-06-05,14260.0
2019-06-06,14280.0
2019-06-07,14256.0
2019-06-10,14268.0
2019-06-11,14276.0
2019-06-12,14294.5
2019-06-13,14262.0
2019-06-14,14273.0
2019-06-17,14318.0
2019-06-18,14413.5
2019-06-19,14289.5
2019-06-20,14280.0
2019-06-21,14142.0
2019-06-24,14148.0
2019-06-25,14183.0
2019-06-26,14118.0
2019-06-27,14215.5
2019-06-28,14184.5
2019-07-01,14121.0
2019-07-02,14150.0
2019-07-03,14196.0
2019-07-04,14178.5
2019-07-05,14150.0
2019-07-08,14076.0
2019-07-09,14187.0
2019-07-10,14236.0
2019-07-11,14161.5
2019-07-12,14124.0
2019-07-15,14000.0
2019-07-16,13913.0
2019-07-17,14008.5
2019-07-18,14023.0
2019-07-19,13970.0
2019-07-22,13941.0
2019-07-23,13997.0
2019-07-24,14039.0
2019-07-25,14027.5
2019-07-26,14052.7001953125
2019-07-29,13997.0
2019-07-30,14066.0
2019-07-31,14066.400390625
2019-08-01,14165.0
2019-08-02,14329.0
2019-08-05,14173.0
2019-08-06,14248.0
2019-08-07,14258.0
2019-08-08,14274.5
2019-08-09,14236.5
2019-08-12,14183.0
2019-08-13,14241.0
2019-08-14,14232.7998046875
2019-08-15,14238.0
2019-08-16,14333.0
2019-08-19,14228.0
2019-08-20,14337.2998046875
2019-08-21,14326.099609375
2019-08-22,14275.0
2019-08-23,14228.0
2019-08-26,14206.0
2019-08-27,14253.7998046875
2019-08-28,14343.7998046875
2019-08-29,14311.2998046875
2019-08-30,14231.0
2019-09-02,14178.0
2019-09-03,14265.0
2019-09-04,14260.7001953125
2019-09-05,14146.0
2019-09-06,14172.2998046875
2019-09-09,14088.0
2019-09-10,14024.0
2019-09-11,14095.7998046875
2019-09-12,14106.400390625
2019-09-13,13983.0
2019-09-16,13958.0
2019-09-17,14170.2998046875
2019-09-18,14126.7998046875
2019-09-19,14126.0
2019-09-20,14158.0
2019-09-23,14048.0
2019-09-24,14078.0
2019-09-25,14177.2998046875
2019-09-26,14211.2998046875
2019-09-27,14236.7998046875
2019-09-30,14158.0
2019-10-01,14219.400390625
2019-10-02,14206.0
2019-10-03,14188.0
2019-10-04,14166.0
2019-10-07,14128.0
2019-10-08,14239.5
2019-10-09,14210.0
2019-10-10,14217.5
2019-10-11,14145.0
2019-10-14,14121.0
2019-10-15,14168.5
2019-10-16,14216.0
2019-10-17,14224.0
2019-10-18,14184.5
2019-10-21,14138.0
2019-10-22,14102.5
2019-10-23,14042.5
2019-10-24,13987.0
2019-10-25,14089.5
2019-10-28,14028.0
2019-10-29,14018.0
2019-10-30,14018.0
2019-10-31,14060.0
2019-11-01,14123.5
2019-11-04,14014.0
2019-11-05,14058.0
2019-11-06,14028.5
2019-11-07,14008.0
2019-11-08,14013.0
2019-11-11,14014.0390625
2019-11-12,13997.2001953125
2019-11-13,13852.7470703125
2019-11-14,13871.640625
2019-11-15,14078.0
2019-11-18,13840.302734375
2019-11-19,14139.0
2019-11-20,14083.0
2019-11-21,14035.2783203125
2019-11-22,14070.0
2019-11-25,14083.01171875
2019-11-26,14063.748046875
2019-11-27,14078.0
2019-11-28,14087.1298828125
2019-11-29,13868.66015625
2019-12-02,13868.345703125
2019-12-03,14123.2763671875
2019-12-04,14098.0
2019-12-05,13994.884765625
2019-12-06,14058.0
2019-12-09,14022.3798828125
2019-12-10,14004.6005859375
2019-12-11,14021.0
2019-12-12,13976.61328125
2019-12-13,13933.3564453125
2019-12-16,13968.525390625
2019-12-17,14022.5
2019-12-18,14024.0
2019-12-19,13966.919921875
2019-12-20,13978.15625
2019-12-23,13957.5810546875
2019-12-24,13955.626953125
2019-12-25,13961.0
2019-12-26,13991.0
2019-12-27,13977.5
2019-12-30,13953.841796875
2019-12-31,13919.0
2020-01-01,13690.3720703125
2020-01-02,13689.2314453125
2020-01-03,13884.7861328125
2020-01-06,13934.31640625
2020-01-07,13926.5
2020-01-08,13867.236328125
2020-01-09,13886.939453125
2020-01-10,13827.560546875
2020-01-13,13522.4345703125
2020-01-14,13665.3046875
2020-01-15,13668.0400390625
2020-01-16,13665.0966796875
2020-01-17,13623.0
2020-01-20,13456.98828125
2020-01-21,13615.0
2020-01-22,13651.0
2020-01-23,13626.38671875
2020-01-24,13609.1884765625
2020-01-27,13711.9736328125
2020-01-28,13213.240234375
2020-01-29,13634.0
2020-01-30,13614.0146484375
2020-01-31,13643.1806640625
2020-02-03,13633.126953125
2020-02-04,13735.5
2020-02-05,13702.4072265625
2020-02-06,13668.267578125
2020-02-07,13698.0
2020-02-10,13675.853515625
2020-02-11,13691.58984375
2020-02-12,13657.5537109375
2020-02-13,13500.7373046875
2020-02-14,13695.400390625
2020-02-17,13681.2900390625
2020-02-18,13649.2412109375
2020-02-19,13768.0
2020-02-20,13762.0
2020-02-21,13703.482421875
2020-02-24,13771.486328125
2020-02-25,13879.9296875
2020-02-26,14056.5
2020-02-27,13931.0
2020-02-28,14316.0
2020-03-02,13971.9619140625
2020-03-03,14220.0
2020-03-04,14199.5
2020-03-05,14256.0
2020-03-06,14309.599609375
2020-03-09,14251.5390625
2020-03-10,14094.818359375
2020-03-11,14272.900390625
2020-03-12,14526.0
2020-03-13,14850.0
2020-03-16,14635.0224609375
2020-03-17,15192.0
2020-03-18,14955.7880859375
2020-03-19,15474.5
2020-03-20,15908.0
2020-03-23,15766.2470703125
2020-03-24,16504.80078125
2020-03-25,16216.5
2020-03-26,16447.720703125
2020-03-27,16218.63671875
2020-03-30,16005.3349609375
2020-03-31,16346.9619140625
2020-04-01,16277.943359375
2020-04-02,16412.80859375
2020-04-03,16441.263671875
2020-04-06,16418.0
2020-04-07,16364.6484375
2020-04-08,16225.0
2020-04-09,16159.376953125
2020-04-10,15811.9677734375
2020-04-13,15800.0
2020-04-14,15751.0
2020-04-15,15578.3466796875
2020-04-16,15887.5
2020-04-17,15568.3388671875
2020-04-20,15423.0
2020-04-21,15377.080078125
2020-04-22,15394.6787109375
2020-04-23,15408.6220703125
2020-04-24,15665.0
2020-04-27,15348.744140625
2020-04-28,15312.3857421875
2020-04-29,15364.5947265625
2020-04-30,15234.63671875
2020-05-01,15249.0
2020-05-04,14671.0
2020-05-05,15044.0
2020-05-06,15335.0
2020-05-07,14998.33203125
2020-05-08,15227.0
2020-05-11,14721.3984375
2020-05-12,14848.7001953125
2020-05-13,14994.0
2020-05-14,14846.873046875
2020-05-15,14810.1201171875
2020-05-18,14853.0
2020-05-19,14878.0
2020-05-20,14748.447265625
2020-05-21,14771.0
2020-05-22,14826.0
2020-05-25,14703.0
2020-05-26,14501.7578125
2020-05-27,14850.0
2020-05-28,14888.5
2020-05-29,14825.0
2020-06-01,14603.0
2020-06-02,14573.5
2020-06-03,14343.8232421875
2020-06-04,14130.0
2020-06-05,14085.447265625
2020-06-08,13863.0
2020-06-09,14070.7998046875
2020-06-10,13852.103515625
2020-06-11,13947.443359375
2020-06-12,14475.0
2020-06-15,14118.0
2020-06-16,13988.119140625
2020-06-17,14275.0
2020-06-18,14102.7353515625
2020-06-19,13997.6923828125
2020-06-22,14093.0
2020-06-23,14080.134765625
2020-06-24,14113.177734375
2020-06-25,14289.2998046875
2020-06-26,14376.2001953125
2020-06-29,14213.0
2020-06-30,14470.2001953125
2020-07-01,14194.05078125
2020-07-02,14187.8583984375
2020-07-03,14298.779296875
2020-07-06,14503.0
2020-07-07,14206.5087890625
2020-07-08,14483.5
2020-07-09,14349.5654296875
2020-07-10,14545.7001953125
2020-07-13,14428.0
2020-07-14,14584.0
2020-07-15,14715.400390625
2020-07-16,14561.171875
2020-07-17,14552.2099609375
2020-07-20,14688.0
2020-07-21,14949.2998046875
2020-07-22,14626.8623046875
2020-07-23,14630.0
2020-07-24,14578.904296875
2020-07-27,14603.0
2020-07-28,14614.5
2020-07-29,14633.5
2020-07-30,14458.3447265625
2020-07-31,14486.6689453125
2020-08-03,14593.0
2020-08-04,14540.9208984375
2020-08-05,14720.0
2020-08-06,14307.642578125
2020-08-07,14568.45703125
2020-08-10,14618.0
2020-08-11,14823.7998046875
2020-08-12,14858.5
2020-08-13,14670.8095703125
2020-08-14,14673.4970703125
2020-08-17,14788.0
2020-08-18,14969.400390625
2020-08-19,14598.072265625
2020-08-20,14694.197265625
2020-08-21,14543.412109375
2020-08-24,14764.0
2020-08-25,14629.400390625
2020-08-26,14607.7001953125
2020-08-27,14447.3828125
2020-08-28,14446.00390625
2020-08-31,14618.0
2020-09-01,14599.7001953125
2020-09-02,14818.599609375
2020-09-03,14565.1474609375
2020-09-04,14545.9873046875
2020-09-07,14741.0
2020-09-08,14795.0
2020-09-09,14915.2001953125
2020-09-10,14874.2001953125
2020-09-11,14857.470703125
2020-09-14,14883.0
2020-09-15,14983.5
2020-09-16,14869.599609375
2020-09-17,14812.5869140625
2020-09-18,14788.0
2020-09-21,14728.0
2020-09-22,14839.2001953125
2020-09-23,14742.5859375
2020-09-24,14803.9853515625
2020-09-25,14839.578125
2020-09-28,14863.0
2020-09-29,14893.599609375
2020-09-30,14910.0
2020-10-01,14879.0
2020-10-02,14817.55859375
2020-10-05,14853.0
2020-10-06,14780.1826171875
2020-10-07,14773.0
2020-10-08,14715.5
2020-10-09,14676.99609375
2020-10-12,14693.0
2020-10-13,14484.9921875
2020-10-14,14793.0
2020-10-15,14681.462890625
2020-10-16,14652.5
2020-10-19,14693.0
2020-10-20,14708.0
2020-10-21,14688.0
2020-10-22,14639.775390625
2020-10-23,14639.8525390625
2020-10-26,14642.7822265625
2020-10-27,14724.2001953125
2020-10-28,14653.2744140625
2020-10-29,14777.2001953125
2020-10-30,14818.0
2020-11-02,14586.169921875
2020-11-03,14603.9580078125
2020-11-04,14540.892578125
2020-11-05,14360.0
2020-11-06,14256.0
2020-11-09,14198.671875
2020-11-10,14256.3603515625
2020-11-11,14041.544921875
2020-11-12,13878.9892578125
2020-11-13,14133.4912109375
2020-11-16,14135.5595703125
2020-11-17,14089.2001953125
2020-11-18,14026.451171875
2020-11-19,14110.2001953125
2020-11-20,14189.900390625
2020-11-23,14150.9912109375
2020-11-24,14164.60546875
2020-11-25,14121.7998046875
2020-11-26,14127.470703125
2020-11-27,13897.6689453125
2020-11-30,14061.64453125
2020-12-01,14094.935546875
2020-12-02,14175.0
2020-12-03,14076.419921875
2020-12-04,14092.798828125
2020-12-07,14076.490234375
2020-12-08,14143.0
2020-12-09,14083.0107421875
2020-12-10,14150.0
2020-12-11,14082.5927734375
2020-12-14,14069.1572265625
2020-12-15,14221.900390625
2020-12-16,14190.0
2020-12-17,14070.537109375
2020-12-18,14083.8505859375
2020-12-21,14068.9375
2020-12-22,14100.7314453125
2020-12-23,14324.2001953125
2020-12-24,14146.9013671875
2020-12-25,14148.6435546875
2020-12-28,13911.1435546875
2020-12-29,14126.1201171875
2020-12-30,14069.9091796875
2020-12-31,13832.5595703125
2021-01-01,13932.3740234375
2021-01-04,14022.5009765625
2021-01-05,13931.400390625
2021-01-06,13930.0
2021-01-07,13951.5
2021-01-08,13892.9775390625
2021-01-11,13861.392578125
2021-01-12,14088.7353515625
2021-01-13,14031.078125
2021-01-14,14166.0
2021-01-15,14063.1474609375
2021-01-18,13880.779296875
2021-01-19,14100.7998046875
2021-01-20,14122.0
2021-01-21,14037.2001953125
2021-01-22,13960.76171875
2021-01-25,14012.8955078125
2021-01-26,14148.5
2021-01-27,14142.0
2021-01-28,14195.0
2021-01-29,13854.8642578125
2021-02-01,13828.13671875
2021-02-02,14118.5
2021-02-03,13995.53515625
2021-02-04,13983.9521484375
2021-02-05,14010.4736328125
2021-02-08,14001.103515625
2021-02-09,13990.4599609375
2021-02-10,13989.1884765625
2021-02-11,14027.0
2021-02-12,13976.240234375
2021-02-15,13966.0
2021-02-16,13907.0
2021-02-17,14039.2001953125
2021-02-18,14007.474609375
2021-02-19,13998.1982421875
2021-02-22,13898.4169921875
2021-02-23,14107.6962890625
2021-02-24,14081.6171875
2021-02-25,14097.7998046875
2021-02-26,13968.185546875
2021-03-01,14110.5849609375
2021-03-02,14245.6201171875
2021-03-03,14239.181640625
2021-03-04,14349.0
2021-03-05,14268.8798828125
2021-03-08,14287.392578125
2021-03-09,14344.4755859375
2021-03-10,14393.0
2021-03-11,14398.0
2021-03-12,14283.900390625
2021-03-15,14385.208984375
2021-03-16,14464.0
2021-03-17,14427.5
2021-03-18,14403.0
2021-03-19,14431.0
2021-03-22,14372.2001953125
2021-03-23,14375.7998046875
2021-03-24,14505.5
2021-03-25,14460.0
2021-03-26,14456.400390625
2021-03-29,14411.0
2021-03-30,14511.7001953125
2021-03-31,14605.0
2021-04-01,14606.0
2021-04-02,14553.0
2021-04-05,14518.0
2021-04-06,14529.2001953125
2021-04-07,14460.2998046875
2021-04-08,14641.0
2021-04-09,14660.7001953125
2021-04-12,14558.0
2021-04-13,14611.900390625
2021-04-14,14621.099609375
2021-04-15,14673.7998046875
2021-04-16,14616.0
2021-04-19,14558.0
2021-04-20,14570.0
2021-04-21,14543.2001953125
2021-04-22,14564.2001953125
2021-04-23,14606.599609375
2021-04-26,14518.0
2021-04-27,14459.599609375
2021-04-28,14516.400390625
2021-04-29,14519.0
2021-04-30,14439.7001953125
2021-05-03,14438.0
2021-05-04,14399.099609375
2021-05-05,14482.5
2021-05-06,14399.5
2021-05-07,14283.7998046875
2021-05-10,14278.0
2021-05-11,14189.599609375
2021-05-12,14220.0
2021-05-13,14347.0
2021-05-14,14300.2998046875
2021-05-17,14191.0
2021-05-18,14344.5
2021-05-19,14362.2998046875
2021-05-20,14389.7001953125
2021-05-21,14397.2998046875
2021-05-24,14348.0
2021-05-25,14365.0
2021-05-26,14371.400390625
2021-05-27,14310.0
2021-05-28,14318.0
2021-05-31,14278.0
2021-06-01,14247.5
2021-06-02,14251.5
2021-06-03,14290.7001953125
2021-06-04,14360.0
2021-06-07,14288.0
2021-06-08,14246.5
2021-06-09,14281.0
2021-06-10,14300.0
2021-06-11,14248.5
2021-06-14,14182.0
2021-06-15,14267.5
2021-06-16,14280.2998046875
2021-06-17,14466.5
2021-06-18,14554.7001953125
2021-06-21,14368.0
2021-06-22,14388.7998046875
2021-06-23,14495.0
2021-06-24,14413.2998046875
2021-06-25,14511.2001953125
2021-06-28,14418.0
2021-06-29,14525.0
2021-06-30,14629.099609375
2021-07-01,14601.599609375
2021-07-02,14581.400390625
2021-07-05,14526.0
2021-07-06,14495.0
2021-07-07,14568.7001953125
2021-07-08,14569.2001953125
2021-07-09,14618.7001953125
2021-07-12,14521.0
2021-07-13,14558.5
2021-07-14,14542.099609375
2021-07-15,14473.0
2021-07-16,14563.0
2021-07-19,14491.0
2021-07-20,14664.5
2021-07-21,14620.0
2021-07-22,14536.0
2021-07-23,14548.7001953125
2021-07-26,14486.0
2021-07-27,14523.5
2021-07-28,14554.0
2021-07-29,14462.599609375
2021-07-30,14450.0
2021-08-02,14456.0
2021-08-03,14397.400390625
2021-08-04,14349.5
2021-08-05,14338.599609375
2021-08-06,14385.5
2021-08-09,14346.0
2021-08-10,14402.099609375
2021-08-11,14393.099609375
2021-08-12,14395.0
2021-08-13,14341.0
2021-08-16,14381.0
2021-08-17,14363.0
2021-08-18,14425.099609375
2021-08-19,14454.2001953125
2021-08-20,14493.400390625
2021-08-23,14446.0
2021-08-24,14430.0
2021-08-25,14448.7001953125
2021-08-26,14465.7001953125
2021-08-27,14449.2998046875
2021-08-30,14411.0
2021-08-31,14362.0
2021-09-01,14246.5
2021-09-02,14269.2001953125
2021-09-03,14245.5
2021-09-06,14256.0
2021-09-07,14231.400390625
2021-09-08,14279.2001953125
2021-09-09,14326.400390625
2021-09-10,14258.7998046875
2021-09-13,14196.0
2021-09-14,14291.599609375
2021-09-15,14249.7001953125
2021-09-16,14264.5
2021-09-17,14283.900390625
2021-09-20,14221.0
2021-09-21,14320.5
2021-09-22,14237.5
2021-09-23,14279.2001953125
2021-09-24,14286.5
2021-09-27,14251.0
2021-09-28,14242.5
2021-09-29,14318.599609375
2021-09-30,14385.0
2021-10-01,14328.599609375
2021-10-04,14301.0
2021-10-05,14300.5
2021-10-06,14246.0
2021-10-07,14232.400390625
2021-10-08,14170.7998046875
2021-10-11,14216.0
2021-10-12,14194.0
2021-10-13,14221.2001953125
2021-10-14,14219.7001953125
2021-10-15,14078.5
2021-10-18,14067.0
2021-10-19,14157.2001953125
2021-10-20,14116.7998046875
2021-10-21,14119.7998046875
2021-10-22,14175.0
2021-10-25,14116.0
2021-10-26,14193.5
2021-10-27,14175.7001953125
2021-10-28,14217.099609375
2021-10-29,14229.0
2021-11-01,14228.5
2021-11-02,14276.599609375
2021-11-03,14289.900390625
2021-11-04,14366.0
2021-11-05,14414.0
2021-11-08,14319.7998046875
2021-11-09,14252.0
2021-11-10,14290.0
2021-11-11,14302.400390625
2021-11-12,14261.7001953125
2021-11-15,14186.7001953125
2021-11-16,14185.400390625
2021-11-17,14274.2001953125
2021-11-18,14223.7998046875
2021-11-19,14204.7001953125
2021-11-22,14265.099609375
2021-11-23,14259.599609375
2021-11-24,14272.5
2021-11-25,14303.400390625
2021-11-26,14320.0
2021-11-29,14408.2001953125
2021-11-30,14377.0
2021-12-01,14333.0
2021-12-02,14376.0
2021-12-03,14443.7998046875
2021-12-06,14514.0
2021-12-07,14490.0
2021-12-08,14393.2998046875
2021-12-09,14335.0
2021-12-10,14297.400390625
2021-12-13,14351.900390625
2021-12-14,14324.7001953125
2021-12-15,14342.5
2021-12-16,14297.5
2021-12-17,14380.0
2021-12-20,14385.7001953125
2021-12-21,14388.7001953125
2021-12-22,14263.900390625
2021-12-23,14193.7998046875
2021-12-24,14167.7998046875
2021-12-27,14189.2998046875
2021-12-28,14220.0
2021-12-29,14238.2001953125
2021-12-30,14237.0
2021-12-31,14285.2001953125
2022-01-03,14215.0
2022-01-04,14283.599609375
2022-01-05,14385.5
2022-01-06,14446.5
2022-01-07,14408.0
2022-01-10,14318.5
2022-01-11,14313.0
2022-01-12,14277.0
2022-01-13,14298.900390625
2022-01-14,14276.0
2022-01-17,14314.5
2022-01-18,14349.7001953125
2022-01-19,14382.2998046875
2022-01-20,14362.7998046875
2022-01-21,14343.0
2022-01-24,14329.7001953125
2022-01-25,14365.0
2022-01-26,14330.5
2022-01-27,14366.400390625
2022-01-28,14389.2001953125
2022-01-31,14381.599609375
2022-02-01,14350.0
2022-02-02,14322.2998046875
2022-02-03,14363.7998046875
2022-02-04,14377.0
2022-02-07,14400.400390625
2022-02-08,14405.599609375
2022-02-09,14379.5
2022-02-10,14334.2001953125
2022-02-11,14328.0
2022-02-14,14344.7001953125
2022-02-15,14303.0
2022-02-16,14260.599609375
2022-02-17,14274.400390625
2022-02-18,14348.0
2022-02-21,14365.900390625
2022-02-22,14355.0
2022-02-23,14395.0
2022-02-24,14365.0
2022-02-25,14452.5
2022-02-28,14334.2001953125
2022-03-01,14360.0
2022-03-02,14425.0
2022-03-03,14387.5
2022-03-04,14358.400390625
2022-03-07,14381.7001953125
2022-03-08,14406.400390625
2022-03-09,14362.7001953125
2022-03-10,14251.0
2022-03-11,14275.0
2022-03-14,14325.5
2022-03-15,14347.5
2022-03-16,14305.2998046875
2022-03-17,14263.5
2022-03-18,14326.0
2022-03-21,14342.2998046875
2022-03-22,14345.0
2022-03-23,14345.5
2022-03-24,14389.0
2022-03-25,14337.099609375
2022-03-28,14334.0
2022-03-29,14373.0
2022-03-30,14334.0
2022-03-31,14327.5
2022-04-01,14351.0
2022-04-04,14361.0
2022-04-05,14322.2998046875
2022-04-06,14365.5
2022-04-07,14382.0
2022-04-08,14385.0
2022-04-11,14355.0
2022-04-12,14360.7001953125
2022-04-13,14364.2001953125
2022-04-14,14360.2001953125
2022-04-15,14383.900390625
2022-04-18,14337.0
2022-04-19,14353.7998046875
2022-04-20,14364.900390625
2022-04-21,14351.0
2022-04-22,14382.0
2022-04-25,14350.0
2022-04-26,14478.0
2022-04-27,14466.0
2022-04-28,14447.5
2022-04-29,14502.0
2022-05-02,14490.0
2022-05-03,14522.599609375
2022-05-04,14491.0
2022-05-05,14425.0
2022-05-06,14458.7001953125
2022-05-09,14490.0
2022-05-10,14552.2001953125
2022-05-11,14520.7998046875
2022-05-12,14543.400390625
2022-05-13,14632.099609375
2022-05-16,14606.0
2022-05-17,14645.0
2022-05-18,14630.599609375
2022-05-19,14740.0
2022-05-20,14626.7998046875
2022-05-23,14645.0
2022-05-24,14619.2001953125
2022-05-25,14635.7998046875
2022-05-26,14597.0
2022-05-27,14584.2001953125
2022-05-30,14570.0
2022-05-31,14538.400390625
2022-06-01,14543.900390625
2022-06-02,14531.5
2022-06-03,14426.7998046875
2022-06-06,14431.0
2022-06-07,14435.2001953125
2022-06-08,14458.7998046875
2022-06-09,14495.2998046875
2022-06-10,14611.7998046875
2022-06-13,14546.0
2022-06-14,14795.0
2022-06-15,14740.7998046875
2022-06-16,14681.0
2022-06-17,14776.099609375
2022-06-20,14816.0
2022-06-21,14827.7001953125
2022-06-22,14831.7001953125
2022-06-23,14843.0
2022-06-24,14841.7998046875
2022-06-27,14841.0
2022-06-28,14791.0
2022-06-29,14857.0
2022-06-30,14877.0
2022-07-01,14921.900390625
2022-07-04,14931.0
2022-07-05,15008.0
2022-07-06,15037.0
2022-07-07,15010.0
2022-07-08,14964.599609375
2022-07-11,14970.0
2022-07-12,14989.099609375
2022-07-13,15010.0
2022-07-14,15030.400390625
2022-07-15,15037.099609375
2022-07-18,14986.0
2022-07-19,14977.0
2022-07-20,14960.7998046875
2022-07-21,15022.0
2022-07-22,15004.2001953125
2022-07-25,15011.0
2022-07-26,14978.0
2022-07-27,14982.7998046875
2022-07-28,14914.2001953125
2022-07-29,14849.099609375
2022-08-01,14826.0
2022-08-02,14838.0
2022-08-03,14890.099609375
2022-08-04,14900.0
2022-08-05,14884.7001953125
2022-08-08,14886.0
2022-08-09,14831.2001953125
2022-08-10,14856.7001953125
2022-08-11,14756.900390625
2022-08-12,14724.2001953125
2022-08-15,14661.0
2022-08-16,14776.400390625
2022-08-17,14747.099609375
2022-08-18,14764.099609375
2022-08-19,14845.7001953125
2022-08-22,14831.0
2022-08-23,14933.5
2022-08-24,14850.0
2022-08-25,14845.0
2022-08-26,14773.0
2022-08-29,14811.0
2022-08-30,14895.0
2022-08-31,14850.0
2022-09-01,14855.0
2022-09-02,14902.099609375
2022-09-05,14890.0
2022-09-06,14882.2998046875
2022-09-07,14904.0
2022-09-08,14865.2998046875
2022-09-09,14892.2998046875
2022-09-12,14823.0
2022-09-13,14858.7001953125
2022-09-14,14954.900390625
2022-09-15,14915.0
2022-09-16,14933.599609375
2022-09-19,14946.0
2022-09-20,14985.7998046875
2022-09-21,15008.599609375
2022-09-22,15019.0
2022-09-23,15026.599609375
2022-09-26,15031.0
2022-09-27,15204.0
2022-09-28,15167.2001953125
2022-09-29,15175.2998046875
2022-09-30,15175.2001953125
2022-10-03,15221.0
2022-10-04,15290.0
2022-10-05,15180.0
2022-10-06,15206.7001953125
2022-10-07,15215.7998046875
2022-10-10,15246.0
2022-10-11,15343.0
2022-10-12,15338.5
2022-10-13,15318.599609375
2022-10-14,15364.0
2022-10-17,15420.0
2022-10-18,15441.400390625
2022-10-19,15466.2001953125
2022-10-20,15620.0
2022-10-21,15562.0
2022-10-24,15626.0
2022-10-25,15586.5
2022-10-26,15549.0
2022-10-27,15502.7001953125
2022-10-28,15554.2001953125
2022-10-31,15549.2001953125
2022-11-01,15649.0
2022-11-02,15690.0
2022-11-03,15696.0
2022-11-04,15780.0
2022-11-07,15609.5
2022-11-08,15675.0
2022-11-09,15645.0
2022-11-10,15671.5
2022-11-11,15500.0
2022-11-14,15473.900390625
2022-11-15,15530.099609375
2022-11-16,15557.0
2022-11-17,15655.0
2022-11-18,15720.0
2022-11-21,15629.400390625
2022-11-22,15755.0
2022-11-23,15671.0
2022-11-24,15619.599609375
2022-11-25,15605.0
2022-11-28,15675.099609375
2022-11-29,15746.0
2022-11-30,15726.5
2022-12-01,15634.5
2022-12-02,15355.5
2022-12-05,15421.0
2022-12-06,15520.2998046875
2022-12-07,15623.0
2022-12-08,15596.0
2022-12-09,15590.0
2022-12-12,15582.0
2022-12-13,15676.2998046875
2022-12-14,15554.7001953125
2022-12-15,15481.0
2022-12-16,15626.0
2022-12-19,15615.900390625
2022-12-20,15567.5
2022-12-21,15556.0
2022-12-22,15513.0
2022-12-23,15563.0
2022-12-26,15565.900390625
2022-12-27,15607.0
2022-12-28,15617.5
2022-12-29,15789.0
2022-12-30,15620.0
2023-01-02,15508.7998046875
2023-01-03,15550.0
2023-01-04,15571.7998046875
2023-01-05,15560.0
2023-01-06,15620.0
2023-01-09,15602.2998046875
2023-01-10,15580.0
2023-01-11,15528.900390625
2023-01-12,15414.0
2023-01-13,15172.0
2023-01-16,15114.7998046875
2023-01-17,15082.0
2023-01-18,15162.0
2023-01-19,15096.0
2023-01-20,15141.0
2023-01-23,15055.900390625
2023-01-24,15007.0
2023-01-25,14955.5
2023-01-26,14938.7001953125
2023-01-27,14942.5
2023-01-30,14970.400390625
2023-01-31,14995.0
2023-02-01,14990.7001953125
2023-02-02,14855.0
2023-02-03,14881.0
2023-02-06,15078.7998046875
2023-02-07,15200.0
2023-02-08,15147.0
2023-02-09,15117.0
2023-02-10,15140.0
2023-02-13,15182.2001953125
2023-02-14,15211.0
2023-02-15,15179.0
2023-02-16,15210.0
2023-02-17,15142.0
2023-02-20,15159.0
2023-02-21,15162.5
2023-02-22,15233.0
2023-02-23,15192.0
2023-02-24,15210.0
2023-02-27,15257.7001953125
2023-02-28,15209.0
2023-03-01,15240.0
2023-03-02,15243.0
2023-03-03,15322.0
2023-03-06,15255.099609375
2023-03-07,15352.0
2023-03-08,15437.0
2023-03-09,15450.0
2023-03-10,15489.0
2023-03-13,15472.599609375
2023-03-14,15409.0
2023-03-15,15372.0
2023-03-16,15479.0
2023-03-17,15422.0
2023-03-20,15368.5
2023-03-21,15340.0
2023-03-22,15294.0
2023-03-23,15251.0
2023-03-24,15047.0
2023-03-27,15148.0
2023-03-28,15107.5
2023-03-29,15061.0
2023-03-30,15031.5
2023-03-31,15020.0
2023-04-03,14988.0
2023-04-04,14915.0
2023-04-05,14958.0
2023-04-06,14956.0
2023-04-07,14932.0
2023-04-10,14906.0
2023-04-11,14955.0
2023-04-12,14913.0
2023-04-13,14823.5
2023-04-14,14720.0
2023-04-17,14693.0
2023-04-18,14860.0
2023-04-19,14890.0
2023-04-20,15006.0
2023-04-21,14946.0
2023-04-24,14838.0
2023-04-25,14945.0
2023-04-26,14935.0
2023-04-27,14841.5
2023-04-28,14684.0
2023-05-01,14663.0
2023-05-02,14671.5
2023-05-03,14752.5
2023-05-04,14680.5
2023-05-05,14700.0
2023-05-08,14668.0
2023-05-09,14750.0
2023-05-10,14767.0
2023-05-11,14691.0
2023-05-12,14770.5
2023-05-15,14743.0
2023-05-16,14795.0
2023-05-17,14885.0
2023-05-18,14876.5
2023-05-19,14916.0
2023-05-22,14918.0
2023-05-23,14886.0
2023-05-24,14895.0
2023-05-25,14945.900390625
2023-05-26,14970.0
2023-05-29,14948.0
2023-05-30,14960.0
2023-05-31,14979.0
2023-06-01,14984.0
2023-06-02,14907.0
2023-06-05,14983.0
2023-06-06,14849.5
2023-06-07,14872.0
2023-06-08,14889.0
2023-06-09,14836.0
2023-06-12,14833.0
2023-06-13,14871.5
2023-06-14,14869.0
2023-06-15,14909.0
2023-06-16,14897.0
2023-06-19,14928.0
2023-06-20,15008.0
2023-06-21,15016.0
2023-06-22,14943.0
2023-06-23,14935.0
2023-06-26,14987.0
2023-06-27,15039.0
2023-06-28,14982.5
2023-06-29,14981.0
2023-06-30,15064.0
2023-07-03,14986.0
2023-07-04,15056.0
2023-07-05,15010.0
2023-07-06,15077.0
2023-07-07,15189.2998046875
2023-07-10,15128.0
2023-07-11,15216.0
2023-07-12,15156.7998046875
2023-07-13,14928.0
2023-07-14,14954.0
2023-07-17,14951.0
2023-07-18,14982.5
2023-07-19,14986.0
2023-07-20,14992.0
2023-07-21,15051.5
2023-07-24,15018.0
2023-07-25,15021.5
2023-07-26,15032.0
2023-07-27,15007.0
2023-07-28,15095.0
2023-07-31,15088.0
2023-08-01,15104.0
2023-08-02,15131.0
2023-08-03,15220.0
2023-08-04,15161.0
2023-08-07,15163.0
2023-08-08,15232.0
2023-08-09,15207.2001953125
2023-08-10,15207.0
2023-08-11,15259.0
2023-08-14,15317.0
2023-08-15,15347.0
2023-08-16,15311.5
2023-08-17,15362.0
2023-08-18,15362.5
2023-08-21,15278.0
2023-08-22,15318.900390625
2023-08-23,15317.0
2023-08-24,15294.099609375
2023-08-25,15239.0
2023-08-28,15288.0
2023-08-29,15255.5
2023-08-30,15196.5
2023-08-31,15216.0
2023-09-01,15231.0
2023-09-04,15233.0
2023-09-05,15227.0
2023-09-06,15298.0
2023-09-07,15336.0
2023-09-08,15342.0
2023-09-11,15318.0
2023-09-12,15339.099609375
2023-09-13,15350.2001953125
2023-09-14,15353.0
2023-09-15,15395.0
2023-09-18,15346.0
2023-09-19,15377.0
2023-09-20,15384.5
2023-09-21,15361.0
2023-09-22,15400.5
2023-09-25,15368.0
2023-09-26,15405.0
2023-09-27,15493.0
2023-09-28,15569.0
2023-09-29,15474.0
2023-10-02,15448.0
2023-10-03,15516.0
2023-10-04,15622.0
2023-10-05,15591.0
2023-10-06,15631.0
2023-10-09,15603.0
2023-10-10,15691.400390625
2023-10-11,15718.5
2023-10-12,15693.0
2023-10-13,15739.0
2023-10-16,15676.0
2023-10-17,15675.0
2023-10-18,15728.2001953125
2023-10-19,15807.0
2023-10-20,15856.0
2023-10-23,15868.0
2023-10-24,15874.0
2023-10-25,15868.0
2023-10-26,15877.5
2023-10-27,15920.0
2023-10-30,15903.5
2023-10-31,15843.0
2023-11-01,15748.7001953125
2023-11-02,15900.0
2023-11-03,15838.0
2023-11-06,15582.099609375
2023-11-07,15570.0
2023-11-08,15643.599609375
2023-11-09,15616.0
2023-11-10,15713.7001953125
2023-11-13,15683.0
2023-11-14,15667.0
2023-11-15,15281.0
2023-11-16,15487.7998046875
2023-11-17,15475.0
2023-11-20,15399.400390625
2023-11-21,15382.099609375
2023-11-22,15501.2998046875
2023-11-23,15612.7998046875
2023-11-24,15495.0
2023-11-27,15560.0
2023-11-28,15466.5
2023-11-29,15259.0
2023-11-30,15407.0
2023-12-01,15549.2998046875
2023-12-04,15437.400390625
2023-12-05,15519.900390625
2023-12-06,15457.0
2023-12-07,15480.0
2023-12-08,15500.0
2023-12-11,15560.2001953125
2023-12-12,15647.0
2023-12-13,15569.0
2023-12-14,15275.0
2023-12-15,15468.0
2023-12-18,15282.7998046875
2023-12-19,15454.400390625
2023-12-20,15455.0
2023-12-21,15518.0
2023-12-22,15440.0
2023-12-25,15409.2001953125
2023-12-26,15460.0
2023-12-27,15400.0
2023-12-28,15373.0
2023-12-29,15425.0
2024-01-01,15383.099609375
2024-01-02,15383.0
2024-01-03,15498.0
2024-01-04,15555.0
2024-01-05,15511.0
2024-01-08,15477.5
2024-01-09,15495.5
2024-01-10,15534.5
2024-01-11,15555.0
2024-01-12,15556.5
2024-01-15,15503.2001953125
2024-01-16,15546.0
2024-01-17,15625.0
2024-01-18,15624.0
2024-01-19,15613.099609375
2024-01-22,15601.0
2024-01-23,15655.5
2024-01-24,15715.0
2024-01-25,15714.5
2024-01-26,15808.0
2024-01-29,15767.599609375
2024-01-30,15828.0
2024-01-31,15785.0
2024-02-01,15769.0
2024-02-02,15726.0
2024-02-05,15727.2001953125
2024-02-06,15711.5
2024-02-07,15733.0
2024-02-08,15647.0
2024-02-09,15660.2998046875
2024-02-12,15598.0
2024-02-13,15579.5
2024-02-14,15661.5
2024-02-15,15553.099609375
2024-02-16,15672.0
2024-02-19,15628.599609375
2024-02-20,15634.0
2024-02-21,15661.0
2024-02-22,15642.0
2024-02-23,15588.0
2024-02-26,15586.099609375
2024-02-27,15638.5
2024-02-28,15653.0
2024-02-29,15712.2001953125
2024-03-01,15704.0
2024-03-04,15691.900390625
2024-03-05,15766.0
2024-03-06,15751.5
2024-03-07,15668.0
2024-03-08,15621.0
2024-03-11,15536.2998046875
2024-03-12,15518.0
2024-03-13,15546.0
2024-03-14,15574.0
2024-03-15,15630.0
2024-03-18,15639.2998046875
2024-03-19,15743.0
2024-03-20,15718.0
2024-03-21,15687.0
2024-03-22,15723.5
2024-03-25,15802.599609375
2024-03-26,15784.0
2024-03-27,15828.0
2024-03-28,15877.0
2024-03-29,15877.0
2024-04-01,15848.0
2024-04-02,15945.7998046875
2024-04-03,15955.0
2024-04-04,15936.0
2024-04-05,15904.5
2024-04-08,15881.0
2024-04-09,15918.0
2024-04-10,15892.2998046875
2024-04-11,15998.2001953125
2024-04-12,16007.0
2024-04-15,16111.0
2024-04-16,16075.0
2024-04-17,16312.2001953125
2024-04-18,16246.0
2024-04-19,16220.0
2024-04-22,16210.2998046875
2024-04-23,16246.0
2024-04-24,16140.2001953125
2024-04-25,16220.0
2024-04-26,16202.0
2024-04-29,16203.0
2024-04-30,16246.0
2024-05-01,16273.0
2024-05-02,16190.400390625
2024-05-03,16097.0
2024-05-06,16077.0
2024-05-07,16034.0
2024-05-08,16073.0
2024-05-09,16074.0
2024-05-10,16030.0
2024-05-13,16038.0
2024-05-14,16121.0
2024-05-15,16102.0
2024-05-16,15914.0
2024-05-17,15930.7998046875
2024-05-20,15958.0
2024-05-21,16031.0
2024-05-22,16005.0
2024-05-23,16040.7001953125
2024-05-24,16095.0
2024-05-27,16038.0
2024-05-28,16071.0
2024-05-29,16117.0
2024-05-30,16232.099609375
2024-05-31,16228.0
2024-06-03,16243.0
2024-06-04,16203.0
2024-06-05,16276.0
2024-06-06,16315.0
2024-06-07,16241.7001953125
2024-06-10,16270.0
2024-06-11,16312.0
2024-06-12,16305.400390625
2024-06-13,16230.0
2024-06-14,16286.0
2024-06-17,16479.900390625
2024-06-18,16479.0
2024-06-19,16379.0
2024-06-20,16380.900390625
2024-06-21,16491.900390625
2024-06-24,16443.0
2024-06-25,16394.099609375
2024-06-26,16401.0
2024-06-27,16434.0
2024-06-28,16374.400390625
2024-07-01,16343.0
2024-07-02,16390.0
2024-07-03,16391.0
2024-07-04,16340.0
2024-07-05,16328.5
2024-07-08,16245.0
2024-07-09,16277.2001953125
2024-07-10,16277.0
2024-07-11,16198.0
2024-07-12,16104.0
2024-07-15,16108.0
2024-07-16,16195.0
2024-07-17,16173.0
2024-07-18,16138.0
2024-07-19,16185.0
2024-07-22,16206.0
2024-07-23,16220.2001953125
2024-07-24,16222.0
2024-07-25,16246.0
2024-07-26,16337.7998046875
2024-07-29,16283.0
2024-07-30,16301.7001953125
2024-07-31,16328.5
2024-08-01,16255.0
2024-08-02,16281.0
2024-08-05,16012.0
2024-08-06,16208.0
2024-08-07,16152.2998046875
2024-08-08,16023.0
2024-08-09,15979.0
2024-08-12,15918.0
2024-08-13,15949.099609375
2024-08-14,15749.0
2024-08-15,15619.5
2024-08-16,15755.0
2024-08-19,15683.0
2024-08-20,15523.0
2024-08-21,15442.0
2024-08-22,15484.0
2024-08-23,15728.5
2024-08-26,15377.2001953125
2024-08-27,15462.599609375
2024-08-28,15467.099609375
2024-08-29,15440.0
2024-08-30,15444.7998046875
2024-09-02,15525.0
2024-09-03,15520.099609375
2024-09-04,15532.900390625
2024-09-05,15444.400390625
2024-09-06,15417.0
2024-09-09,15405.0
2024-09-10,15456.7998046875
2024-09-11,15489.0
2024-09-12,15437.0
2024-09-13,15418.7001953125
2024-09-16,15393.0
2024-09-17,15385.0
2024-09-18,15345.0
2024-09-19,15300.2001953125
2024-09-20,15197.599609375
2024-09-23,15154.0
2024-09-24,15174.099609375
2024-09-25,15121.099609375
2024-09-26,15201.5
2024-09-27,15070.0
2024-09-30,15118.0
2024-10-01,15170.599609375
2024-10-02,15260.599609375
2024-10-03,15324.0
2024-10-04,15457.0
2024-10-07,15650.0
2024-10-08,15744.0
2024-10-09,15682.400390625
2024-10-10,15664.599609375
2024-10-11,15670.900390625
2024-10-14,15562.0
2024-10-15,15573.0
2024-10-16,15578.599609375
2024-10-17,15583.900390625
2024-10-18,15493.0
2024-10-21,15467.0
2024-10-22,15556.0
2024-10-23,15586.0
2024-10-24,15663.0
2024-10-25,15621.5
2024-10-28,15688.099609375
2024-10-29,15747.0
2024-10-30,15768.0
2024-10-31,15695.5
2024-11-01,15713.0
2024-11-04,15842.0
2024-11-05,15790.0
2024-11-06,15665.0
2024-11-07,15818.2001953125
2024-11-08,15558.0
2024-11-11,15647.2001953125
2024-11-12,15765.0
2024-11-13,15788.900390625
2024-11-14,15847.2001953125
2024-11-15,15933.2998046875
2024-11-18,15891.2998046875
2024-11-19,15806.099609375
2024-11-20,15817.099609375
2024-11-21,15913.0
2024-11-22,15816.900390625
2024-11-25,15940.0
2024-11-26,15901.2001953125
2024-11-27,15930.0
2024-11-28,15863.5
2024-11-29,15878.0
2024-12-02,15829.0
2024-12-03,15910.0
2024-12-04,15940.0
2024-12-05,15906.599609375
2024-12-06,15839.7998046875
2024-12-09,15825.7998046875
2024-12-10,15864.0
2024-12-11,15908.0
2024-12-12,15963.0
2024-12-13,15967.400390625
2024-12-16,16025.7998046875
2024-12-17,15955.0
2024-12-18,15926.2001953125
2024-12-19,16145.2998046875
2024-12-20,15981.2998046875
2024-12-23,16159.2998046875
2024-12-24,16217.599609375
2024-12-25,15970.7998046875
2024-12-26,15069.400390625
2024-12-27,16189.0
2024-12-30,16178.0
2024-12-31,16085.599609375
2025-01-02,16230.5
2025-01-03,16201.099609375
2025-01-06,16178.7998046875
2025-01-07,16179.099609375
2025-01-08,16157.7001953125
2025-01-09,16187.599609375
2025-01-10,16237.0
2025-01-13,16268.0
2025-01-14,16295.2001953125
2025-01-15,16320.0
2025-01-16,16360.7998046875
2025-01-17,16368.7998046875
2025-01-20,16367.099609375
2025-01-21,16245.0
2025-01-22,16330.7998046875
2025-01-23,16232.7998046875
2025-01-24,16230.900390625
2025-01-27,16164.900390625
2025-01-28,16155.599609375
2025-01-29,15881.2001953125
2025-01-30,16238.0
2025-01-31,16274.5
2025-02-03,16341.2998046875
2025-02-04,16320.0
2025-02-05,16299.099609375
2025-02-06,16298.099609375
2025-02-07,16327.0
2025-02-10,16314.7001953125
2025-02-11,16330.099609375
2025-02-12,16343.2998046875
2025-02-13,16375.0
2025-02-14,16219.0
2025-02-17,16173.0
2025-02-18,16220.0
2025-02-19,16317.0
2025-02-20,16346.400390625
2025-02-21,16245.099609375
2025-02-24,16278.0
2025-02-25,16279.2998046875
2025-02-26,16314.0
2025-02-27,16367.400390625
2025-02-28,16553.69921875
2025-03-03,16522.0
2025-03-04,16451.19921875
2025-03-05,16379.0
2025-03-06,16268.900390625
2025-03-07,16322.099609375
2025-03-10,16292.599609375
2025-03-11,16324.0
2025-03-12,16433.900390625
2025-03-13,16305.599609375
2025-03-14,16259.2998046875
2025-03-17,16321.0
2025-03-18,16370.0
2025-03-19,16514.5
2025-03-20,16330.2998046875
2025-03-21,16428.5
2025-03-24,16519.0
2025-03-25,16575.80078125
2025-03-26,16621.0
2025-03-27,16629.0
2025-03-28,16560.900390625
2025-03-31,16575.0
2025-04-01,16652.0
2025-04-02,16731.400390625
2025-04-03,16739.0
2025-04-04,16739.80078125
2025-04-07,16738.0
2025-04-08,16855.69921875
2025-04-09,17051.900390625
2025-04-10,16805.5
2025-04-11,16833.80078125
2025-04-14,16788.0
2025-04-15,16780.0
2025-04-16,16813.5
2025-04-17,16794.599609375
2025-04-22,16814.900390625
2025-04-23,16858.099609375
2025-04-24,16846.0
2025-04-25,16778.5
2025-04-28,16823.0
2025-04-29,16795.0
2025-04-30,16711.900390625
2025-05-01,16545.900390625
2025-05-02,16606.0
2025-05-05,16460.0
2025-05-06,16421.5
2025-05-07,16432.0
2025-05-08,16492.599609375
2025-05-09,16538.30078125
2025-05-12,16543.0
2025-05-13,16688.80078125
2025-05-14,16599.400390625
2025-05-15,16558.19921875
2025-05-16,16511.80078125
2025-05-19,16487.0
2025-05-20,16428.0
2025-05-21,16403.0
2025-05-22,16347.599609375
2025-05-23,16356.900390625
2025-05-26,16211.0
2025-05-27,16243.5
2025-05-28,16279.0
2025-05-29,16286.0
2025-05-30,16293.0
2025-06-02,16322.0
2025-06-03,16288.5
2025-06-04,16332.400390625
2025-06-05,16291.5
2025-06-06,16246.400390625
2025-06-09,16309.0
2025-06-10,16278.7998046875
2025-06-11,16247.7998046875
2025-06-12,15778.0
2025-06-13,16164.5
2025-06-16,16282.599609375
2025-06-17,15801.0
2025-06-18,16275.0
2025-06-19,15598.5
2025-06-20,16390.0
2025-06-23,16431.0
2025-06-24,16370.0
2025-06-25,16290.0
2025-06-26,16290.0
2025-06-27,16222.7998046875
2025-06-30,16229.0
2025-07-01,16230.0
2025-07-02,16236.400390625
2025-07-03,16235.0
2025-07-04,16203.7001953125
2025-07-07,16178.0
2025-07-08,16318.900390625
2025-07-09,16261.0
2025-07-10,16235.0
2025-07-11,16209.099609375
2025-07-14,16222.0
2025-07-15,16256.2001953125
2025-07-16,16252.099609375
2025-07-17,16271.2001953125
2025-07-18,16329.7001953125
2025-07-21,16321.0
2025-07-22,16329.5
2025-07-23,16245.2998046875
2025-07-24,16266.099609375
2025-07-25,16307.0
2025-07-28,16353.0
2025-07-29,16398.80078125
2025-07-30,16367.900390625
2025-07-31,16426.80078125
2025-08-01,16483.0
2025-08-04,16483.0
2025-08-05,16362.0
2025-08-06,16377.5
2025-08-07,16334.7001953125
2025-08-08,16300.0
2025-08-11,16249.0
2025-08-12,16298.0
2025-08-13,16248.2001953125
2025-08-14,16109.0
2025-08-15,16169.0
2025-08-18,16196.0
2025-08-19,16205.400390625
2025-08-20,16275.2001953125
2025-08-21,16263.599609375
2025-08-22,16339.7001953125
2025-08-25,16227.0
2025-08-26,16267.0
2025-08-27,16299.2001953125
2025-08-28,16314.0
2025-08-29,16344.2998046875
2025-09-01,16409.0
2025-09-02,16405.19921875
2025-09-03,16443.900390625
2025-09-04,16463.0
2025-09-05,16452.099609375
2025-09-08,16392.0
2025-09-09,16446.099609375
2025-09-10,16449.900390625
2025-09-11,16439.0
2025-09-12,16413.599609375
2025-09-15,16401.0
2025-09-16,16364.599609375
2025-09-17,16398.099609375
2025-09-18,16418.599609375
2025-09-19,16569.099609375
2025-09-22,16637.0
2025-09-23,16582.0
2025-09-24,16633.0
2025-09-25,16695.099609375
2025-09-26,16759.099609375
2025-09-29,16723.0
2025-09-30,16628.0
2025-10-01,16683.0
2025-10-02,16644.099609375
2025-10-03,16601.5
2025-10-06,16558.0
2025-10-07,16596.5
2025-10-08,16587.0
2025-10-09,16556.0
2025-10-10,16577.69921875
2025-10-13,16598.0
2025-10-14,16548.0
2025-10-15,16585.900390625
2025-10-16,16575.0
2025-10-17,16561.900390625
2025-10-20,16566.0
2025-10-21,16542.0
2025-10-22,16598.900390625
2025-10-23,16596.599609375
2025-10-24,16593.80078125
2025-10-27,16597.80078125
2025-10-28,16158.2001953125
2025-10-29,16561.779296875
2025-10-30,16562.0
2025-10-31,16150.0
2025-11-03,16630.0
2025-11-04,16640.900390625
2025-11-05,16707.0
2025-11-06,16669.0
2025-11-07,16694.099609375
2025-11-10,16653.0
2025-11-11,16690.0
2025-11-12,16694.900390625
2025-11-13,16729.0
2025-11-14,16719.0
2025-11-17,16679.5
2025-11-18,16738.900390625
2025-11-19,16727.69921875
2025-11-20,16686.69921875
2025-11-21,16731.0
2025-11-24,16639.0
2025-11-25,16645.0
2025-11-26,16633.5
2025-11-27,16614.69921875
2025-11-28,16603.900390625
2025-12-01,16635.0
2025-12-02,16609.0
2025-12-03,16609.900390625
2025-12-04,16594.0
2025-12-05,16654.400390625
2025-12-08,16683.0
2025-12-09,16686.0
2025-12-10,16662.0
2025-12-11,16639.0
2025-12-12,16649.0
2025-12-15,16623.099609375
2025-12-16,16645.80078125
2025-12-17,16644.599609375
2025-12-18,16657.0
2025-12-19,16685.19921875
2025-12-22,16678.5
2025-12-23,16756.400390625
2025-12-24,16735.0
2025-12-26,16753.099609375
2025-12-29,16741.099609375
2025-12-30,16770.0
2025-12-31,16709.0
2026-01-02,16668.0
2026-01-05,16683.0
2026-01-06,16727.19921875
2026-01-07,16742.0
2026-01-08,16753.0
2026-01-09,16805.69921875
2026-01-12,16826.69921875
2026-01-13,16859.400390625
2026-01-14,16840.80078125
2026-01-15,16845.099609375
2026-01-16,16878.900390625
2026-01-19,16876.599609375
2026-01-20,16939.0
2026-01-21,16960.099609375
2026-01-22,16897.0
2026-01-23,16820.0
2026-01-26,16770.0
2026-01-27,16734.0
2026-01-28,16674.69921875
2026-01-29,16722.80078125
2026-01-30,16778.30078125
2026-02-02,16758.400390625
2026-02-03,16758.400390625
2026-02-04,16759.0
2026-02-05,16800.0
2026-02-06,16879.900390625
2026-02-09,16843.5
2026-02-10,16796.0
2026-02-11,16778.0
2026-02-12,16793.900390625
2026-02-13,16809.0
2026-02-16,16826.099609375
2026-02-17,16806.599609375
2026-02-18,16840.0
2026-02-19,16915.30078125
2026-02-20,16887.19921875
2026-02-23,16843.400390625
2026-02-24,16804.30078125
2026-02-25,16816.80078125
2026-02-26,16749.80078125
2026-02-27,16749.0
2026-03-02,16795.0
2026-03-03,16863.0
2026-03-04,16898.099609375
2026-03-05,16865.0
2026-03-06,16913.099609375
2026-03-09,16923.69921875
2026-03-10,16886.0
2026-03-11,16852.0
2026-03-12,16884.0
2026-03-13,16908.0
2026-03-16,16952.099609375
2026-03-17,16953.099609375
2026-03-18,16971.30078125
2026-03-19,17041.69921875
2026-03-20,16915.900390625
2026-03-23,16959.30078125
2026-03-24,16865.099609375
2026-03-25,16797.30078125
2026-03-26,16749.599609375
2026-03-27,16925.0
2026-03-30,16958.0
2026-03-31,16975.400390625
2026-04-01,16936.400390625
2026-04-02,16924.099609375
2026-04-03,17010.0
