Pair,Lag,ACF,PACF,SqACF,sig_bound
USDPHP_RET,1,-0.2566437423016044,-0.2567044289278285,0.35777163398320727,0.03013601946227691
USDPHP_RET,2,-0.027563272216934817,-0.10006764873579672,0.039963096596117124,0.03013601946227691
USDPHP_RET,3,0.044384284862608495,0.011830927926705677,0.06748840603567648,0.03013601946227691
USDPHP_RET,4,-0.03631925731902076,-0.02540921165485468,0.054177671075110415,0.03013601946227691
USDPHP_RET,5,0.02975939353144645,0.019041203040971035,0.013954003589438269,0.03013601946227691
USDPHP_RET,6,-0.0055941545254678355,0.0034501185531654113,0.024841572494395052,0.03013601946227691
USDPHP_RET,7,-0.011656568142330487,-0.00837963937701951,0.03243232602999411,0.03013601946227691
USDPHP_RET,8,0.013063734915516038,0.005826477118455165,0.019773795953477145,0.03013601946227691
USDPHP_RET,9,-0.031440904266289586,-0.028633774930137586,0.006437767356211988,0.03013601946227691
USDPHP_RET,10,0.05677905977394578,0.045380514941992016,0.01107401187552583,0.03013601946227691
USDPHP_RET,11,-0.03196752155393366,-0.00960126770628747,0.03961423082691731,0.03013601946227691
USDPHP_RET,12,0.03124757787816057,0.031055071537478267,0.022779372488504777,0.03013601946227691
USDPHP_RET,13,-0.01306394773692206,-0.004014793149235559,0.0030769774712182396,0.03013601946227691
USDPHP_RET,14,-0.000822631369318517,0.002698257809482301,-0.002133469734593603,0.03013601946227691
USDPHP_RET,15,0.01690527340883325,0.01253830530674915,0.009893057145610996,0.03013601946227691
USDPHP_RET,16,-0.02870229675585694,-0.020433444492777144,-0.002396105349332303,0.03013601946227691
USDPHP_RET,17,0.0158246958817856,0.00458300322057947,8.57930900862061e-05,0.03013601946227691
USDPHP_RET,18,-0.0014454438631321322,-0.0010644553741582306,0.002163775977482689,0.03013601946227691
USDPHP_RET,19,-0.011023277067536044,-0.005659492408122985,-0.007402952906216347,0.03013601946227691
USDPHP_RET,20,0.052656218177972836,0.04604184115073721,-0.001688605674268561,0.03013601946227691
USDPHP_RET,21,-0.027419632204400655,0.0025186472740181356,-0.0038997660707859173,0.03013601946227691
USDPHP_RET,22,-0.034856646859418736,-0.042639891291041905,0.0006523880861376585,0.03013601946227691
USDPHP_RET,23,-0.0006631042167718934,-0.027664127243739966,0.0077277592701002875,0.03013601946227691
USDPHP_RET,24,0.014817824739799148,0.0064009806663506185,0.06774432275266203,0.03013601946227691
USDPHP_RET,25,0.02309910653277642,0.028373487885095257,0.057533226290621235,0.03013601946227691
USDPHP_RET,26,-0.03304399982784972,-0.0169211708055255,0.004686651285897677,0.03013601946227691
USDPHP_RET,27,0.010832351992125561,-0.0002977420484196726,-0.005558297935647714,0.03013601946227691
USDPHP_RET,28,-0.010981983082139228,-0.012351193836860872,-0.0045836335396132995,0.03013601946227691
USDPHP_RET,29,-0.0037852503893905346,-0.007326939484154581,-0.00402421042606363,0.03013601946227691
USDPHP_RET,30,0.03823758862542257,0.0296666060878494,-0.0075401212592699435,0.03013601946227691
USDPHP_RET,31,-0.03203503047685127,-0.011506464027926646,-0.010727200760291518,0.03013601946227691
USDPHP_RET,32,-0.0004907204493209536,-0.009135746159998267,0.010973441572281088,0.03013601946227691
USDPHP_RET,33,-0.012693350443294121,-0.01997875490647639,0.014268308123677022,0.03013601946227691
USDPHP_RET,34,-0.03601905015951188,-0.04496311034361171,0.014592109805823176,0.03013601946227691
USDPHP_RET,35,0.003865841883411607,-0.027798461599652796,0.023560454593240295,0.03013601946227691
USDPHP_RET,36,-0.008393464639690486,-0.014015174976252695,0.014058670181874905,0.03013601946227691
USDPHP_RET,37,0.012385459416811722,0.006108914917214221,-0.003994578697235572,0.03013601946227691
USDPHP_RET,38,-0.007978936230149359,-0.004274615834132727,-0.00947277969830183,0.03013601946227691
USDPHP_RET,39,-0.000832538786671996,-0.0004823658330107849,0.02004245348592228,0.03013601946227691
USDPHP_RET,40,0.02579269023126474,0.021089057521197208,0.03655752992196065,0.03013601946227691
CNYPHP_RET,1,-0.26100177974832317,-0.2610634968870672,0.3537784811539095,0.03013601946227691
CNYPHP_RET,2,-0.032951588204135976,-0.10851722402767566,0.033500105733812714,0.03013601946227691
CNYPHP_RET,3,0.045480182921853414,0.008298752860904807,0.055597701203330546,0.03013601946227691
CNYPHP_RET,4,-0.031694941164712144,-0.021640484456975532,0.04702055002474474,0.03013601946227691
CNYPHP_RET,5,0.003859130743427969,-0.00644376407575304,0.02831569759424705,0.03013601946227691
CNYPHP_RET,6,0.028243581857551964,0.025469493553633083,0.029765822138775454,0.03013601946227691
CNYPHP_RET,7,-0.025264301562782435,-0.009862664872777623,0.02465503430309559,0.03013601946227691
CNYPHP_RET,8,0.00019893139376910156,-0.0070944640608547665,0.020126323253987524,0.03013601946227691
CNYPHP_RET,9,-0.020235374358907474,-0.028425397000109782,0.017011475052885486,0.03013601946227691
CNYPHP_RET,10,0.054761307858969474,0.04696496319161721,0.03820700335337786,0.03013601946227691
CNYPHP_RET,11,-0.041397027650111135,-0.01831627867542987,0.05452172997661354,0.03013601946227691
CNYPHP_RET,12,0.026228251839891442,0.018355400499744382,0.020392728180522783,0.03013601946227691
CNYPHP_RET,13,-0.025800293005292227,-0.02244506289179578,-0.001532552757780837,0.03013601946227691
CNYPHP_RET,14,0.0049083041790270185,-0.0017977653857635203,-0.004955133797381934,0.03013601946227691
CNYPHP_RET,15,0.0202304224293531,0.01765769799330458,0.007469356771013926,0.03013601946227691
CNYPHP_RET,16,-0.013992983547363948,-0.004595544786909331,-0.00017942274458241712,0.03013601946227691
CNYPHP_RET,17,0.009696180577062159,0.00979968949976288,-0.0032258583349596896,0.03013601946227691
CNYPHP_RET,18,0.007035829876297369,0.00917722329078676,-0.009974769920555536,0.03013601946227691
CNYPHP_RET,19,-0.0063367777433612545,0.004255638070788947,-0.0017871408068967554,0.03013601946227691
CNYPHP_RET,20,0.04211516653247337,0.040853070016105754,0.01764776798900366,0.03013601946227691
CNYPHP_RET,21,-0.015762785352465888,0.009616543979130459,0.005618111042588384,0.03013601946227691
CNYPHP_RET,22,-0.022718804875810357,-0.023129709718285096,-0.012955385383494184,0.03013601946227691
CNYPHP_RET,23,-0.012921885526556286,-0.028541936957987665,0.0012264464507277474,0.03013601946227691
CNYPHP_RET,24,0.03906471226800406,0.027944022418739334,0.0730112030120687,0.03013601946227691
CNYPHP_RET,25,0.02061100633591272,0.040763705451423445,0.07410952312128997,0.03013601946227691
CNYPHP_RET,26,-0.03728582684415022,-0.01815914058505922,0.015118814574955662,0.03013601946227691
CNYPHP_RET,27,-0.002220844786307257,-0.018105270047062104,-0.0037499233300198513,0.03013601946227691
CNYPHP_RET,28,-0.007582312561001324,-0.016335897140959253,-0.0017943318142881295,0.03013601946227691
CNYPHP_RET,29,-0.016806375204641167,-0.023050321964888914,0.0037329411563119088,0.03013601946227691
CNYPHP_RET,30,0.04829975729109643,0.03199184765667199,0.012440446539909682,0.03013601946227691
CNYPHP_RET,31,-0.02032865194492476,0.001891687199849252,-0.005754280805577161,0.03013601946227691
CNYPHP_RET,32,-0.01838165270938676,-0.016334794203524,-0.0011736737268717328,0.03013601946227691
CNYPHP_RET,33,-0.013677983273576881,-0.02764028469303999,0.005779305192835456,0.03013601946227691
CNYPHP_RET,34,-0.008032866853255587,-0.0251386101175132,0.011573341797421439,0.03013601946227691
CNYPHP_RET,35,-0.008240232578301655,-0.024677868420994096,0.030765274671098953,0.03013601946227691
CNYPHP_RET,36,-0.010312743858790514,-0.0225064350922839,0.01907780388181864,0.03013601946227691
CNYPHP_RET,37,0.025090180217540104,0.01844372988971826,-0.00017527358635557403,0.03013601946227691
CNYPHP_RET,38,-0.014139290973748334,-0.0012663427123716607,-0.0003759083537129473,0.03013601946227691
CNYPHP_RET,39,-0.0012820761332722299,-0.0027793790676911233,0.027302480593151286,0.03013601946227691
CNYPHP_RET,40,0.023629889366513487,0.014728291004923047,0.04136049953509539,0.03013601946227691
JPYPHP_RET,1,-0.1529050228914568,-0.15294117919859593,0.19371159106893512,0.03013601946227691
JPYPHP_RET,2,-0.011811020037525348,-0.03605087761353422,0.0737517175146963,0.03013601946227691
JPYPHP_RET,3,0.005885881980303743,-0.001533827628597686,0.07428670394451106,0.03013601946227691
JPYPHP_RET,4,-0.019886233931028296,-0.02013137016619706,0.07248562488145735,0.03013601946227691
JPYPHP_RET,5,0.0038275766997951186,-0.0022979126207558283,0.04796680885634914,0.03013601946227691
JPYPHP_RET,6,0.002321335063712093,0.0016717586782646681,0.04501316807180366,0.03013601946227691
JPYPHP_RET,7,-0.021905964542477598,-0.021719823745630945,0.05796193861713264,0.03013601946227691
JPYPHP_RET,8,-0.016722135367801223,-0.024486425227928287,0.06289618575536123,0.03013601946227691
JPYPHP_RET,9,-0.0018208594359679642,-0.009550863537161905,0.041950047790776254,0.03013601946227691
JPYPHP_RET,10,0.025161709511243992,0.02318706210645123,0.07708519085279897,0.03013601946227691
JPYPHP_RET,11,-0.017695536788331793,-0.011517581342896457,0.04638248998177164,0.03013601946227691
JPYPHP_RET,12,0.019213960039414682,0.015491896803729399,0.04942532559242863,0.03013601946227691
JPYPHP_RET,13,-0.013106125874833592,-0.008830483667036823,0.022284841079468442,0.03013601946227691
JPYPHP_RET,14,-0.003121452480542859,-0.005430575277207433,0.03720698638118633,0.03013601946227691
JPYPHP_RET,15,0.02395492707181893,0.021155252506944153,0.015160121140669149,0.03013601946227691
JPYPHP_RET,16,-0.032997352543107594,-0.026908561483395627,0.03149048756421216,0.03013601946227691
JPYPHP_RET,17,-0.011516727289208937,-0.019854289363007822,0.005131260561819681,0.03013601946227691
JPYPHP_RET,18,-0.008620345901062115,-0.0153003113057576,0.0022620178318765835,0.03013601946227691
JPYPHP_RET,19,-0.01680019260168422,-0.020640485357472774,0.01839518553213567,0.03013601946227691
JPYPHP_RET,20,0.04044248838196796,0.03353892044380434,0.03109265326301933,0.03013601946227691
JPYPHP_RET,21,-0.02377761273039903,-0.014071465646841976,8.036944578655822e-05,0.03013601946227691
JPYPHP_RET,22,-0.004366255391924561,-0.009376998368127115,0.025865022364929824,0.03013601946227691
JPYPHP_RET,23,-0.002207805144340766,-0.005862556253022922,0.015666856627323606,0.03013601946227691
JPYPHP_RET,24,-0.02215526667204716,-0.0255517394216588,0.03622248447169383,0.03013601946227691
JPYPHP_RET,25,0.05061167151751533,0.04178400909460127,0.057764130896384054,0.03013601946227691
JPYPHP_RET,26,-0.028797602836631145,-0.016010017274751955,0.01988595131092008,0.03013601946227691
JPYPHP_RET,27,-0.0011965478562487846,-0.006068109592033718,0.013351054436502308,0.03013601946227691
JPYPHP_RET,28,-0.031585028842436295,-0.03397564725082233,0.014496606268883128,0.03013601946227691
JPYPHP_RET,29,0.005274474850288142,-0.004077574047714196,-0.003957629982704186,0.03013601946227691
JPYPHP_RET,30,0.04385006363839193,0.04035681063393455,0.0005038344566802344,0.03013601946227691
JPYPHP_RET,31,-0.016571052054793197,-0.0020510250245159493,0.0003732005661093322,0.03013601946227691
JPYPHP_RET,32,-0.00659213039828709,-0.009829005353431574,0.018253510996821813,0.03013601946227691
JPYPHP_RET,33,0.01809267493605356,0.01698294516995883,0.06354951804566303,0.03013601946227691
JPYPHP_RET,34,-0.008534748022118392,-0.0026503829762559105,0.0486317300425694,0.03013601946227691
JPYPHP_RET,35,0.036023235767776725,0.029277027141318794,0.04718409343308599,0.03013601946227691
JPYPHP_RET,36,-0.025635273603739288,-0.013433081251777234,0.030923529367818964,0.03013601946227691
JPYPHP_RET,37,-0.009487073776316055,-0.014453840504115655,0.004253269139162603,0.03013601946227691
JPYPHP_RET,38,-0.004486198433735599,-0.005680580472631963,0.024881833846239498,0.03013601946227691
JPYPHP_RET,39,0.016767145424767607,0.015723603593311566,0.015189463856449426,0.03013601946227691
JPYPHP_RET,40,0.005874390372575662,0.005134554904495421,0.022743941250313326,0.03013601946227691
HKDPHP_RET,1,-0.25986912058131284,-0.2599305698886151,0.3595339478318515,0.03013601946227691
HKDPHP_RET,2,-0.02850384500756615,-0.1030432323034018,0.039605774881622584,0.03013601946227691
HKDPHP_RET,3,0.04385825994620301,0.009678721654876783,0.06631597719573015,0.03013601946227691
HKDPHP_RET,4,-0.03681982157332877,-0.026731337139143708,0.0524980388467828,0.03013601946227691
HKDPHP_RET,5,0.02532090682581661,0.01351571527725259,0.01579230365164201,0.03013601946227691
HKDPHP_RET,6,-0.00575015388418374,0.00041688247775569914,0.02569739741674372,0.03013601946227691
HKDPHP_RET,7,-0.01392011310747906,-0.012314134146741689,0.03306636096247334,0.03013601946227691
HKDPHP_RET,8,0.014226955428079618,0.005355810815452848,0.019220207513476712,0.03013601946227691
HKDPHP_RET,9,-0.0311416486874749,-0.028579458049746247,0.007268554855394485,0.03013601946227691
HKDPHP_RET,10,0.05866460630944928,0.04779287988970985,0.010852154497071966,0.03013601946227691
HKDPHP_RET,11,-0.030984905779073018,-0.007052455110941986,0.039542547540377296,0.03013601946227691
HKDPHP_RET,12,0.03069241946250143,0.03181103147691484,0.022504800767775033,0.03013601946227691
HKDPHP_RET,13,-0.011615029247891437,-0.0020516056136939283,0.004854452945226919,0.03013601946227691
HKDPHP_RET,14,-0.0020480382951780507,0.002183919114937315,-0.0025224617037634986,0.03013601946227691
HKDPHP_RET,15,0.01633161240797232,0.012154571476873816,0.007976452734081794,0.03013601946227691
HKDPHP_RET,16,-0.026331402148649125,-0.018377957435103655,-0.001183571054532342,0.03013601946227691
HKDPHP_RET,17,0.017782221348495362,0.008565111447572105,0.002089147575280633,0.03013601946227691
HKDPHP_RET,18,-0.0033225224157510083,-0.0012294521074534479,0.00240796181306619,0.03013601946227691
HKDPHP_RET,19,-0.010438108325798974,-0.005244887660832357,-0.008106888391724496,0.03013601946227691
HKDPHP_RET,20,0.0546510608147263,0.04820671540209849,-0.0018153037562441436,0.03013601946227691
HKDPHP_RET,21,-0.028869878148183304,0.002384872118341925,-0.004682674544017631,0.03013601946227691
HKDPHP_RET,22,-0.03282341077137184,-0.04072660080171097,0.0002618503905914354,0.03013601946227691
HKDPHP_RET,23,0.002009750881092791,-0.024391628637618297,0.006776501031489064,0.03013601946227691
HKDPHP_RET,24,0.011879200411622397,0.005358898244894589,0.06716307822804263,0.03013601946227691
HKDPHP_RET,25,0.02107226420064697,0.02541869726955633,0.05818493354026911,0.03013601946227691
HKDPHP_RET,26,-0.03528537691051273,-0.021153947077994145,0.004162029761641085,0.03013601946227691
HKDPHP_RET,27,0.011749552508321251,-0.0018652842068287282,-0.006509870778609197,0.03013601946227691
HKDPHP_RET,28,-0.01125544203860532,-0.013690926811107831,-0.0034571899867780107,0.03013601946227691
HKDPHP_RET,29,-0.00390653169794464,-0.008001484697491948,-0.004593222912726426,0.03013601946227691
HKDPHP_RET,30,0.04140478795068126,0.03268268932612404,-0.008075707277741203,0.03013601946227691
HKDPHP_RET,31,-0.030825388222390452,-0.00810690213996983,-0.011022848715452532,0.03013601946227691
HKDPHP_RET,32,0.001557763774031593,-0.005091812926335751,0.011253838709170282,0.03013601946227691
HKDPHP_RET,33,-0.012308856730789988,-0.018285900670661465,0.014101867358126944,0.03013601946227691
HKDPHP_RET,34,-0.03519386617571707,-0.04330535935186504,0.015664045123649866,0.03013601946227691
HKDPHP_RET,35,0.003089855128361961,-0.02833880730251485,0.022913273261399004,0.03013601946227691
HKDPHP_RET,36,-0.010430896782414352,-0.016807081761387795,0.012546790132939084,0.03013601946227691
HKDPHP_RET,37,0.014813967022496197,0.006747815939013923,-0.005691873332222434,0.03013601946227691
HKDPHP_RET,38,-0.007149401964095167,-0.002449030327077436,-0.008430820147946582,0.03013601946227691
HKDPHP_RET,39,-0.002991835586076902,-0.001805440898636909,0.02062384161348704,0.03013601946227691
HKDPHP_RET,40,0.025230248362667716,0.01822539918926737,0.03653615536843551,0.03013601946227691
SGDPHP_RET,1,-0.3061968819703457,-0.306269286056884,0.36434139930593534,0.03013601946227691
SGDPHP_RET,2,-0.008704947426393918,-0.11312076783931829,0.07472710262144076,0.03013601946227691
SGDPHP_RET,3,0.0369687437443907,-0.0006924678000136973,0.08983186642577383,0.03013601946227691
SGDPHP_RET,4,-0.04092387474177,-0.033027949819807556,0.06696325430525288,0.03013601946227691
SGDPHP_RET,5,0.01970989361570426,-0.00013775638446586277,0.029203010432837125,0.03013601946227691
SGDPHP_RET,6,0.00030345269430029115,0.0026287425586334107,0.03312734316131574,0.03013601946227691
SGDPHP_RET,7,-0.020030669173866998,-0.018034823971372828,0.03244160019478068,0.03013601946227691
SGDPHP_RET,8,-0.00170678947021672,-0.01692953302491153,0.015005292182901522,0.03013601946227691
SGDPHP_RET,9,-0.048153233230474775,-0.06245323589560398,-0.004212789418142984,0.03013601946227691
SGDPHP_RET,10,0.06678836598061974,0.035388199135255344,0.014004639158074103,0.03013601946227691
SGDPHP_RET,11,-0.028378552555572013,-0.0017142869018057364,0.014122815315037006,0.03013601946227691
SGDPHP_RET,12,0.0032173875502814362,0.001758271153946408,0.008016967826366891,0.03013601946227691
SGDPHP_RET,13,-0.025939316733975405,-0.03528398292385775,0.003906705483564969,0.03013601946227691
SGDPHP_RET,14,-0.010374279960381653,-0.029221396035939644,0.01435731934356149,0.03013601946227691
SGDPHP_RET,15,0.024922735002334658,0.007979998295840656,0.013888744197186298,0.03013601946227691
SGDPHP_RET,16,-0.008227704994293344,-9.208788866750828e-05,0.012829833447715218,0.03013601946227691
SGDPHP_RET,17,-0.007661991224349065,-0.00926331094994205,0.025775272563949084,0.03013601946227691
SGDPHP_RET,18,0.0049845747291374235,-0.003708574370836022,0.005638754625913835,0.03013601946227691
SGDPHP_RET,19,-0.010820943841109936,-0.0066188815070352125,-0.007068038530393888,0.03013601946227691
SGDPHP_RET,20,0.04942256022316159,0.0437187091668948,0.007070183858518882,0.03013601946227691
SGDPHP_RET,21,-0.032604271799709324,-0.005943446751996375,-0.0030744188597975424,0.03013601946227691
SGDPHP_RET,22,0.006643457459780942,-0.0029163858229832172,0.009898941619550445,0.03013601946227691
SGDPHP_RET,23,-0.011781889126889258,-0.015024716116466956,0.014193796351653229,0.03013601946227691
SGDPHP_RET,24,-0.004609638615304422,-0.008575166650182648,0.0640564648517575,0.03013601946227691
SGDPHP_RET,25,0.033277576062808796,0.026277386677765666,0.05948014914455484,0.03013601946227691
SGDPHP_RET,26,-0.050286822670573855,-0.03699316835062507,0.01279364175090191,0.03013601946227691
SGDPHP_RET,27,0.018619558169271973,-0.004888333737840255,-0.0019603380642788672,0.03013601946227691
SGDPHP_RET,28,-0.022137237459913778,-0.026166293920071762,-0.00011125352629421478,0.03013601946227691
SGDPHP_RET,29,0.012106608794635897,0.005855603549852687,-0.005497343758628736,0.03013601946227691
SGDPHP_RET,30,0.03562078218182674,0.032402636618642594,-0.007950752338068898,0.03013601946227691
SGDPHP_RET,31,-0.021310353513173994,0.005746045269320969,0.012492258172562404,0.03013601946227691
SGDPHP_RET,32,0.010075817915533547,0.008596160352452932,0.018304903808600347,0.03013601946227691
SGDPHP_RET,33,-0.01763142030827439,-0.013412403571846301,0.023360908137333086,0.03013601946227691
SGDPHP_RET,34,-0.013685783698763556,-0.022362671840156997,0.033432456393778676,0.03013601946227691
SGDPHP_RET,35,0.0281239412678964,0.005422870146548209,0.025084784608699204,0.03013601946227691
SGDPHP_RET,36,-0.031009355948116893,-0.018470996394099732,0.011918264984923014,0.03013601946227691
SGDPHP_RET,37,0.013978252623641056,9.760412517066224e-05,0.010460787164435976,0.03013601946227691
SGDPHP_RET,38,0.008270746714576586,0.015052207312615145,0.0021255748161891526,0.03013601946227691
SGDPHP_RET,39,-0.006536025984199279,0.0037006575900606882,0.01800559968015235,0.03013601946227691
SGDPHP_RET,40,0.013702289952606039,0.004600508793905567,0.019942561893429106,0.03013601946227691
