response,shock,step,irf
USDPHP_RET,USDPHP_RET,0,1.0
USDPHP_RET,USDPHP_RET,1,-0.02855338490277623
USDPHP_RET,USDPHP_RET,2,-0.0205031512327905
USDPHP_RET,USDPHP_RET,3,0.0014031171200287712
USDPHP_RET,USDPHP_RET,4,0.00016807269121706052
USDPHP_RET,USDPHP_RET,5,-0.00015591280243786054
USDPHP_RET,USDPHP_RET,6,6.025200709180543e-05
USDPHP_RET,USDPHP_RET,7,-1.9109259485131878e-05
USDPHP_RET,USDPHP_RET,8,5.669171445925142e-06
USDPHP_RET,USDPHP_RET,9,-1.6447209234244635e-06
USDPHP_RET,USDPHP_RET,10,4.747632105203992e-07
USDPHP_RET,CNYPHP_RET,0,0.0
USDPHP_RET,CNYPHP_RET,1,0.16765283530781697
USDPHP_RET,CNYPHP_RET,2,-0.06579687002435528
USDPHP_RET,CNYPHP_RET,3,0.01953128908368714
USDPHP_RET,CNYPHP_RET,4,-0.005459999313339971
USDPHP_RET,CNYPHP_RET,5,0.0015253891970763462
USDPHP_RET,CNYPHP_RET,6,-0.00043180781408556175
USDPHP_RET,CNYPHP_RET,7,0.00012371587167852585
USDPHP_RET,CNYPHP_RET,8,-3.5705787892065654e-05
USDPHP_RET,CNYPHP_RET,9,1.0341339835147309e-05
USDPHP_RET,CNYPHP_RET,10,-2.999149095166718e-06
USDPHP_RET,JPYPHP_RET,0,0.0
USDPHP_RET,JPYPHP_RET,1,0.016480873787642646
USDPHP_RET,JPYPHP_RET,2,-0.018630507086994763
USDPHP_RET,JPYPHP_RET,3,0.007213973927733096
USDPHP_RET,JPYPHP_RET,4,-0.0022893926896043033
USDPHP_RET,JPYPHP_RET,5,0.0006808920767698052
USDPHP_RET,JPYPHP_RET,6,-0.00019780257188046788
USDPHP_RET,JPYPHP_RET,7,5.713649454067949e-05
USDPHP_RET,JPYPHP_RET,8,-1.650837088131882e-05
USDPHP_RET,JPYPHP_RET,9,4.776878605241826e-06
USDPHP_RET,JPYPHP_RET,10,-1.3839405729531962e-06
USDPHP_RET,HKDPHP_RET,0,0.0
USDPHP_RET,HKDPHP_RET,1,-0.16960803592305476
USDPHP_RET,HKDPHP_RET,2,0.07997242838362544
USDPHP_RET,HKDPHP_RET,3,-0.01799717123408227
USDPHP_RET,HKDPHP_RET,4,0.0044092636964205584
USDPHP_RET,HKDPHP_RET,5,-0.0011340011644634012
USDPHP_RET,HKDPHP_RET,6,0.0003085774240763966
USDPHP_RET,HKDPHP_RET,7,-8.727452527709677e-05
USDPHP_RET,HKDPHP_RET,8,2.5140986197591615e-05
USDPHP_RET,HKDPHP_RET,9,-7.291535960837708e-06
USDPHP_RET,HKDPHP_RET,10,2.1180464307891018e-06
USDPHP_RET,SGDPHP_RET,0,0.0
USDPHP_RET,SGDPHP_RET,1,-0.28739196294090064
USDPHP_RET,SGDPHP_RET,2,0.11418366140842935
USDPHP_RET,SGDPHP_RET,3,-0.036076562537448904
USDPHP_RET,SGDPHP_RET,4,0.010676212149568256
USDPHP_RET,SGDPHP_RET,5,-0.003088253315554605
USDPHP_RET,SGDPHP_RET,6,0.0008898592055939012
USDPHP_RET,SGDPHP_RET,7,-0.00025680681847104397
USDPHP_RET,SGDPHP_RET,8,7.42771121862946e-05
USDPHP_RET,SGDPHP_RET,9,-2.151685428687059e-05
USDPHP_RET,SGDPHP_RET,10,6.238242890063428e-06
CNYPHP_RET,USDPHP_RET,0,0.0
CNYPHP_RET,USDPHP_RET,1,-0.23319612189329453
CNYPHP_RET,USDPHP_RET,2,0.002282360537134469
CNYPHP_RET,USDPHP_RET,3,0.0007234844988142777
CNYPHP_RET,USDPHP_RET,4,0.00010090482967708801
CNYPHP_RET,USDPHP_RET,5,-0.00012576216211225393
CNYPHP_RET,USDPHP_RET,6,5.6133876856884085e-05
CNYPHP_RET,USDPHP_RET,7,-1.92475542393071e-05
CNYPHP_RET,USDPHP_RET,8,5.948024260551083e-06
CNYPHP_RET,USDPHP_RET,9,-1.7598593883072436e-06
CNYPHP_RET,USDPHP_RET,10,5.1213338423342e-07
CNYPHP_RET,CNYPHP_RET,0,1.0
CNYPHP_RET,CNYPHP_RET,1,0.031535248523105394
CNYPHP_RET,CNYPHP_RET,2,-0.05053140890223918
CNYPHP_RET,CNYPHP_RET,3,0.01893539005829151
CNYPHP_RET,CNYPHP_RET,4,-0.005750356956862202
CNYPHP_RET,CNYPHP_RET,5,0.0016522067120183924
CNYPHP_RET,CNYPHP_RET,6,-0.0004704593998814475
CNYPHP_RET,CNYPHP_RET,7,0.00013458282175291184
CNYPHP_RET,CNYPHP_RET,8,-3.87374839580187e-05
CNYPHP_RET,CNYPHP_RET,9,1.1197400476270731e-05
CNYPHP_RET,CNYPHP_RET,10,-3.243954138102989e-06
CNYPHP_RET,JPYPHP_RET,0,0.0
CNYPHP_RET,JPYPHP_RET,1,0.019689660241379428
CNYPHP_RET,JPYPHP_RET,2,-0.015319345159201268
CNYPHP_RET,JPYPHP_RET,3,0.006769135664583051
CNYPHP_RET,JPYPHP_RET,4,-0.0023102405811774845
CNYPHP_RET,JPYPHP_RET,5,0.0007142911180344932
CNYPHP_RET,JPYPHP_RET,6,-0.00021156235828949087
CNYPHP_RET,JPYPHP_RET,7,6.161289289600546e-05
CNYPHP_RET,JPYPHP_RET,8,-1.7850335570307588e-05
CNYPHP_RET,JPYPHP_RET,9,5.167766184282331e-06
CNYPHP_RET,JPYPHP_RET,10,-1.4969049931728274e-06
CNYPHP_RET,HKDPHP_RET,0,0.0
CNYPHP_RET,HKDPHP_RET,1,0.06720682080154836
CNYPHP_RET,HKDPHP_RET,2,0.05474933421524305
CNYPHP_RET,HKDPHP_RET,3,-0.018191193650323387
CNYPHP_RET,HKDPHP_RET,4,0.004876102168814016
CNYPHP_RET,HKDPHP_RET,5,-0.001283235930154218
CNYPHP_RET,HKDPHP_RET,6,0.00034569918555918486
CNYPHP_RET,HKDPHP_RET,7,-9.624989016309438e-05
CNYPHP_RET,HKDPHP_RET,8,2.7421082904896775e-05
CNYPHP_RET,HKDPHP_RET,9,-7.906397241575939e-06
CNYPHP_RET,HKDPHP_RET,10,2.290978657070641e-06
CNYPHP_RET,SGDPHP_RET,0,0.0
CNYPHP_RET,SGDPHP_RET,1,-0.19898621886960616
CNYPHP_RET,SGDPHP_RET,2,0.10345435603962078
CNYPHP_RET,SGDPHP_RET,3,-0.03607009414840164
CNYPHP_RET,SGDPHP_RET,4,0.011181097969979317
CNYPHP_RET,SGDPHP_RET,5,-0.0033053011367682197
CNYPHP_RET,SGDPHP_RET,6,0.0009604845751746519
CNYPHP_RET,SGDPHP_RET,7,-0.00027786754959952784
CNYPHP_RET,SGDPHP_RET,8,8.038390944446499e-05
CNYPHP_RET,SGDPHP_RET,9,-2.327680773860341e-05
CNYPHP_RET,SGDPHP_RET,10,6.7459553661847035e-06
JPYPHP_RET,USDPHP_RET,0,0.0
JPYPHP_RET,USDPHP_RET,1,0.5397950711665243
JPYPHP_RET,USDPHP_RET,2,-0.029472603444951492
JPYPHP_RET,USDPHP_RET,3,0.005421551693898762
JPYPHP_RET,USDPHP_RET,4,-0.00013951616508949832
JPYPHP_RET,USDPHP_RET,5,-0.00015628631035037504
JPYPHP_RET,USDPHP_RET,6,6.640373699007824e-05
JPYPHP_RET,USDPHP_RET,7,-2.1017221465207947e-05
JPYPHP_RET,USDPHP_RET,8,6.120418631780674e-06
JPYPHP_RET,USDPHP_RET,9,-1.7484226629532307e-06
JPYPHP_RET,USDPHP_RET,10,5.000513668351476e-07
JPYPHP_RET,CNYPHP_RET,0,0.0
JPYPHP_RET,CNYPHP_RET,1,0.2829445121841119
JPYPHP_RET,CNYPHP_RET,2,-0.08896085654529923
JPYPHP_RET,CNYPHP_RET,3,0.02342678698017527
JPYPHP_RET,CNYPHP_RET,4,-0.006086307130398661
JPYPHP_RET,CNYPHP_RET,5,0.0016314499110413208
JPYPHP_RET,CNYPHP_RET,6,-0.00045358782376491157
JPYPHP_RET,CNYPHP_RET,7,0.00012922880573773763
JPYPHP_RET,CNYPHP_RET,8,-3.7274841016965484e-05
JPYPHP_RET,CNYPHP_RET,9,1.0804215317212494e-05
JPYPHP_RET,CNYPHP_RET,10,-3.135896111634675e-06
JPYPHP_RET,JPYPHP_RET,0,1.0
JPYPHP_RET,JPYPHP_RET,1,-0.010474830201056606
JPYPHP_RET,JPYPHP_RET,2,-0.018525001373802506
JPYPHP_RET,JPYPHP_RET,3,0.007827552393255515
JPYPHP_RET,JPYPHP_RET,4,-0.0025108939946637816
JPYPHP_RET,JPYPHP_RET,5,0.0007341586950132683
JPYPHP_RET,JPYPHP_RET,6,-0.0002102205322609422
JPYPHP_RET,JPYPHP_RET,7,6.0184993699712655e-05
JPYPHP_RET,JPYPHP_RET,8,-1.7312241226378888e-05
JPYPHP_RET,JPYPHP_RET,9,5.000632083210848e-06
JPYPHP_RET,JPYPHP_RET,10,-1.4480240983821356e-06
JPYPHP_RET,HKDPHP_RET,0,0.0
JPYPHP_RET,HKDPHP_RET,1,-0.8257356359326067
JPYPHP_RET,HKDPHP_RET,2,0.10493625624581358
JPYPHP_RET,HKDPHP_RET,3,-0.023867146278890836
JPYPHP_RET,HKDPHP_RET,4,0.005045353057951889
JPYPHP_RET,HKDPHP_RET,5,-0.0011976261722364068
JPYPHP_RET,HKDPHP_RET,6,0.0003184383533408653
JPYPHP_RET,HKDPHP_RET,7,-8.99630991154124e-05
JPYPHP_RET,HKDPHP_RET,8,2.605687576502071e-05
JPYPHP_RET,HKDPHP_RET,9,-7.593828070587196e-06
JPYPHP_RET,HKDPHP_RET,10,2.212216058017721e-06
JPYPHP_RET,SGDPHP_RET,0,0.0
JPYPHP_RET,SGDPHP_RET,1,-0.3134017081183408
JPYPHP_RET,SGDPHP_RET,2,0.12701166491679625
JPYPHP_RET,SGDPHP_RET,3,-0.040192887541207666
JPYPHP_RET,SGDPHP_RET,4,0.01157715966239305
JPYPHP_RET,SGDPHP_RET,5,-0.003287742575402497
JPYPHP_RET,SGDPHP_RET,6,0.000937478421077993
JPYPHP_RET,SGDPHP_RET,7,-0.0002692368817938126
JPYPHP_RET,SGDPHP_RET,8,7.773509413033796e-05
JPYPHP_RET,SGDPHP_RET,9,-2.2509345615978996e-05
JPYPHP_RET,SGDPHP_RET,10,6.526298217808929e-06
HKDPHP_RET,USDPHP_RET,0,0.0
HKDPHP_RET,USDPHP_RET,1,-0.074739144881171
HKDPHP_RET,USDPHP_RET,2,-0.022676267364856582
HKDPHP_RET,USDPHP_RET,3,0.0016262914643234928
HKDPHP_RET,USDPHP_RET,4,0.00015027439638030208
HKDPHP_RET,USDPHP_RET,5,-0.00015272019708156503
HKDPHP_RET,USDPHP_RET,6,5.9785798298068855e-05
HKDPHP_RET,USDPHP_RET,7,-1.900414060595559e-05
HKDPHP_RET,USDPHP_RET,8,5.63840526806209e-06
HKDPHP_RET,USDPHP_RET,9,-1.6352046140583733e-06
HKDPHP_RET,USDPHP_RET,10,4.7185687237390605e-07
HKDPHP_RET,CNYPHP_RET,0,0.0
HKDPHP_RET,CNYPHP_RET,1,0.16860128968620902
HKDPHP_RET,CNYPHP_RET,2,-0.06589163623703566
HKDPHP_RET,CNYPHP_RET,3,0.019527165623485398
HKDPHP_RET,CNYPHP_RET,4,-0.005443198418969064
HKDPHP_RET,CNYPHP_RET,5,0.0015178449791690804
HKDPHP_RET,CNYPHP_RET,6,-0.000429240808919893
HKDPHP_RET,CNYPHP_RET,7,0.00012292728493486623
HKDPHP_RET,CNYPHP_RET,8,-3.547335561405701e-05
HKDPHP_RET,CNYPHP_RET,9,1.0273833123168657e-05
HKDPHP_RET,CNYPHP_RET,10,-2.9796161672196646e-06
HKDPHP_RET,JPYPHP_RET,0,0.0
HKDPHP_RET,JPYPHP_RET,1,0.015429899238477804
HKDPHP_RET,JPYPHP_RET,2,-0.018109597853190166
HKDPHP_RET,JPYPHP_RET,3,0.007160116391765978
HKDPHP_RET,JPYPHP_RET,4,-0.002276301563459959
HKDPHP_RET,JPYPHP_RET,5,0.0006771285821718765
HKDPHP_RET,JPYPHP_RET,6,-0.00019665257623160381
HKDPHP_RET,JPYPHP_RET,7,5.678632705097919e-05
HKDPHP_RET,JPYPHP_RET,8,-1.6403921795092556e-05
HKDPHP_RET,JPYPHP_RET,9,4.746177646200385e-06
HKDPHP_RET,JPYPHP_RET,10,-1.3749896034398645e-06
HKDPHP_RET,HKDPHP_RET,0,1.0
HKDPHP_RET,HKDPHP_RET,1,-0.1316248992130499
HKDPHP_RET,HKDPHP_RET,2,0.08176991250665362
HKDPHP_RET,HKDPHP_RET,3,-0.018188109913838776
HKDPHP_RET,HKDPHP_RET,4,0.004405661904183729
HKDPHP_RET,HKDPHP_RET,5,-0.0011295318739168736
HKDPHP_RET,HKDPHP_RET,6,0.0003066885263454898
HKDPHP_RET,HKDPHP_RET,7,-8.668473797397315e-05
HKDPHP_RET,HKDPHP_RET,8,2.497014845648899e-05
HKDPHP_RET,HKDPHP_RET,9,-7.2427787976815434e-06
HKDPHP_RET,HKDPHP_RET,10,2.104100916838953e-06
HKDPHP_RET,SGDPHP_RET,0,0.0
HKDPHP_RET,SGDPHP_RET,1,-0.277135660774566
HKDPHP_RET,SGDPHP_RET,2,0.11359174949679711
HKDPHP_RET,SGDPHP_RET,3,-0.03589376140624013
HKDPHP_RET,SGDPHP_RET,4,0.010620673044967603
HKDPHP_RET,SGDPHP_RET,5,-0.0030707440929155267
HKDPHP_RET,SGDPHP_RET,6,0.0008844436791622066
HKDPHP_RET,SGDPHP_RET,7,-0.00025518332167322194
HKDPHP_RET,SGDPHP_RET,8,7.379933353322955e-05
HKDPHP_RET,SGDPHP_RET,9,-2.137756399811896e-05
HKDPHP_RET,SGDPHP_RET,10,6.197795443674153e-06
SGDPHP_RET,USDPHP_RET,0,0.0
SGDPHP_RET,USDPHP_RET,1,0.013205344972468863
SGDPHP_RET,USDPHP_RET,2,0.010178796742961304
SGDPHP_RET,USDPHP_RET,3,-0.0009510439887968117
SGDPHP_RET,USDPHP_RET,4,0.0004879873606158869
SGDPHP_RET,USDPHP_RET,5,-0.000186357731162217
SGDPHP_RET,USDPHP_RET,6,6.177662015529683e-05
SGDPHP_RET,USDPHP_RET,7,-1.9045667113797768e-05
SGDPHP_RET,USDPHP_RET,8,5.652910429120057e-06
SGDPHP_RET,USDPHP_RET,9,-1.6504218231717497e-06
SGDPHP_RET,USDPHP_RET,10,4.789569283123801e-07
SGDPHP_RET,CNYPHP_RET,0,0.0
SGDPHP_RET,CNYPHP_RET,1,0.14740783520086456
SGDPHP_RET,CNYPHP_RET,2,-0.05711607651763743
SGDPHP_RET,CNYPHP_RET,3,0.017923314165205255
SGDPHP_RET,CNYPHP_RET,4,-0.005256406039240541
SGDPHP_RET,CNYPHP_RET,5,0.0015125647177926826
SGDPHP_RET,CNYPHP_RET,6,-0.00043471286080501507
SGDPHP_RET,CNYPHP_RET,7,0.0001253229928541531
SGDPHP_RET,CNYPHP_RET,8,-3.623630744175508e-05
SGDPHP_RET,CNYPHP_RET,9,1.049675501392925e-05
SGDPHP_RET,CNYPHP_RET,10,-3.043394252253024e-06
SGDPHP_RET,JPYPHP_RET,0,0.0
SGDPHP_RET,JPYPHP_RET,1,0.0649679979566342
SGDPHP_RET,JPYPHP_RET,2,-0.022561926780807005
SGDPHP_RET,JPYPHP_RET,3,0.007421452239525118
SGDPHP_RET,JPYPHP_RET,4,-0.0022900544355029077
SGDPHP_RET,JPYPHP_RET,5,0.0006797923484455163
SGDPHP_RET,JPYPHP_RET,6,-0.00019857323442377153
SGDPHP_RET,JPYPHP_RET,7,5.7645977512310084e-05
SGDPHP_RET,JPYPHP_RET,8,-1.6706284905494235e-05
SGDPHP_RET,JPYPHP_RET,9,4.841332637756055e-06
SGDPHP_RET,JPYPHP_RET,10,-1.4034345754276664e-06
SGDPHP_RET,HKDPHP_RET,0,0.0
SGDPHP_RET,HKDPHP_RET,1,-0.191885445895074
SGDPHP_RET,HKDPHP_RET,2,0.04437554767994563
SGDPHP_RET,HKDPHP_RET,3,-0.01480100735751057
SGDPHP_RET,HKDPHP_RET,4,0.004041554493802458
SGDPHP_RET,HKDPHP_RET,5,-0.0011117090202486758
SGDPHP_RET,HKDPHP_RET,6,0.000311951478173848
SGDPHP_RET,HKDPHP_RET,7,-8.895799359604836e-05
SGDPHP_RET,HKDPHP_RET,8,2.562771822260431e-05
SGDPHP_RET,HKDPHP_RET,9,-7.418780004373047e-06
SGDPHP_RET,HKDPHP_RET,10,2.1515286817255716e-06
SGDPHP_RET,SGDPHP_RET,0,1.0
SGDPHP_RET,SGDPHP_RET,1,-0.3392542705220059
SGDPHP_RET,SGDPHP_RET,2,0.11478344060461025
SGDPHP_RET,SGDPHP_RET,3,-0.0357278650207165
SGDPHP_RET,SGDPHP_RET,4,0.01060365181391613
SGDPHP_RET,SGDPHP_RET,5,-0.003093977347291139
SGDPHP_RET,SGDPHP_RET,6,0.0008972693388927086
SGDPHP_RET,SGDPHP_RET,7,-0.0002598743788708324
SGDPHP_RET,SGDPHP_RET,8,7.528660052097736e-05
SGDPHP_RET,SGDPHP_RET,9,-2.1821952358820613e-05
SGDPHP_RET,SGDPHP_RET,10,6.327525486088363e-06
